RANK,RANK_CHANGE,PLAYER,PLAYER_URL,POS,TEAM,GP,MPG,FG_PCT,FGM,FGA,FT_PCT,FTM,FTA,3PM,PTS,TREB,AST,STL,BLK,TO,TOTAL
1,,Nikola Jokic,https://hashtagbasketball.com/9196/player,C,DEN,65,2269.9,0.569,644.0,1132.0,0.831,399.0,480.0,112.0,1799.0,836.0,696.0,92.0,53.0,243.0,29.91
2,,Shai Gilgeous-Alexander,https://hashtagbasketball.com/15208/player,PG,OKC,68,2259.0,0.553,731.0,1321.0,0.879,540.0,614.0,115.0,2117.0,292.0,448.0,95.0,51.0,151.0,28.37
3,,Victor Wembanyama,https://hashtagbasketball.com/110399/player,"PF,C",SA,64,1865.6,0.512,553.0,1080.0,0.827,372.0,450.0,122.0,1600.0,735.0,199.0,65.0,197.0,155.0,26.97
4,,Kevin Durant,https://hashtagbasketball.com/9386/player,"SG,SF,PF",HOU,78,2831.1,0.521,716.0,1375.0,0.874,408.0,467.0,186.0,2026.0,424.0,372.0,63.0,71.0,246.0,26.26
5,,Tyrese Maxey,https://hashtagbasketball.com/27450/player,PG,PHI,70,2661.1,0.462,694.0,1501.0,0.892,371.0,416.0,220.0,1979.0,289.0,461.0,130.0,55.0,170.0,25.32
6,,Scottie Barnes,https://hashtagbasketball.com/31033/player,"SG,SF,PF,C",TOR,80,2680.8,0.507,569.0,1123.0,0.815,242.0,297.0,68.0,1448.0,600.0,474.0,114.0,116.0,210.0,24.50
7,,Jamal Murray,https://hashtagbasketball.com/10134/player,"PG,SG",DEN,75,2639.6,0.483,657.0,1361.0,0.887,346.0,390.0,245.0,1905.0,330.0,534.0,65.0,29.0,171.0,23.94
8,,Kawhi Leonard,https://hashtagbasketball.com/9476/player,"SF,PF",LAC,65,2084.6,0.505,635.0,1258.0,0.892,371.0,416.0,172.0,1813.0,412.0,234.0,120.0,27.0,133.0,23.70
9,1,Luka Doncic,https://hashtagbasketball.com/15200/player,"PG,SG",LAL,64,2288.6,0.476,693.0,1457.0,0.780,503.0,645.0,254.0,2143.0,495.0,530.0,105.0,34.0,255.0,23.23
10,1,Donovan Mitchell,https://hashtagbasketball.com/13741/player,"PG,SG",CLE,70,2342.1,0.483,678.0,1404.0,0.865,372.0,430.0,224.0,1952.0,316.0,398.0,104.0,20.0,198.0,23.02
11,,James Harden,https://hashtagbasketball.com/9232/player,"PG,SG",CLE,70,2438.5,0.434,487.0,1123.0,0.884,463.0,524.0,215.0,1652.0,336.0,557.0,79.0,28.0,245.0,22.33
12,,Karl-Anthony Towns,https://hashtagbasketball.com/9346/player,"PF,C",NY,75,2321.8,0.501,517.0,1032.0,0.858,357.0,416.0,113.0,1504.0,889.0,226.0,65.0,40.0,187.0,21.89
13,1,Jalen Johnson,https://hashtagbasketball.com/31049/player,"SF,PF",ATL,72,2531.6,0.489,600.0,1228.0,0.788,301.0,382.0,120.0,1621.0,741.0,566.0,88.0,31.0,244.0,21.75
14,1,Desmond Bane,https://hashtagbasketball.com/27649/player,"SG,SF",ORL,82,2756.0,0.483,583.0,1206.0,0.908,314.0,346.0,167.0,1647.0,338.0,338.0,86.0,37.0,164.0,21.67
15,,Nickeil Alexander-Walker,https://hashtagbasketball.com/17208/player,"PG,SG,SF",ATL,78,2603.2,0.458,548.0,1197.0,0.903,278.0,308.0,251.0,1625.0,268.0,285.0,102.0,42.0,160.0,21.19
16,,Amen Thompson,https://hashtagbasketball.com/111204/player,"PG,SG,SF",HOU,79,2953.2,0.534,557.0,1044.0,0.779,304.0,390.0,25.0,1443.0,614.0,420.0,119.0,48.0,190.0,20.93
17,3,Derrick White,https://hashtagbasketball.com/13755/player,"PG,SG",BOS,77,2625.0,0.394,437.0,1108.0,0.902,184.0,204.0,209.0,1267.0,340.0,414.0,88.0,99.0,134.0,20.51
18,,Cade Cunningham,https://hashtagbasketball.com/31030/player,"PG,SG",DET,64,2171.7,0.461,548.0,1189.0,0.812,310.0,382.0,125.0,1531.0,355.0,634.0,92.0,54.0,236.0,20.40
19,2,Chet Holmgren,https://hashtagbasketball.com/38617/player,"PF,C",OKC,69,1997.3,0.558,434.0,778.0,0.792,225.0,284.0,88.0,1181.0,614.0,115.0,43.0,131.0,107.0,20.12
20,1,Trey Murphy III,https://hashtagbasketball.com/31046/player,"SG,SF,PF",NO,66,2340.6,0.470,494.0,1050.0,0.886,218.0,246.0,214.0,1420.0,376.0,250.0,100.0,24.0,120.0,19.30
21,10,Alperen Sengün,https://hashtagbasketball.com/31045/player,"PF,C",HOU,72,2397.7,0.519,583.0,1123.0,0.691,260.0,376.0,40.0,1466.0,641.0,445.0,85.0,77.0,228.0,19.22
22,11,LaMelo Ball,https://hashtagbasketball.com/27469/player,"PG,SG",CHA,72,2017.5,0.407,506.0,1244.0,0.899,161.0,179.0,272.0,1445.0,347.0,514.0,87.0,17.0,202.0,19.20
23,1,Jalen Brunson,https://hashtagbasketball.com/15280/player,PG,NY,74,2589.9,0.467,689.0,1475.0,0.841,354.0,421.0,195.0,1927.0,247.0,503.0,57.0,8.0,175.0,19.10
24,2,Jaylen Brown,https://hashtagbasketball.com/10090/player,"SG,SF",BOS,71,2442.9,0.477,736.0,1543.0,0.795,426.0,536.0,140.0,2038.0,492.0,364.0,72.0,26.0,259.0,19.06
25,4,Jalen Duren,https://hashtagbasketball.com/38848/player,C,DET,70,1975.9,0.650,522.0,803.0,0.747,321.0,430.0,0.0,1365.0,738.0,138.0,56.0,59.0,130.0,18.96
26,3,Kon Knueppel,https://hashtagbasketball.com/120214/player,"SG,SF",CHA,81,2550.7,0.475,515.0,1084.0,0.863,195.0,226.0,273.0,1498.0,432.0,274.0,57.0,19.0,161.0,18.95
27,2,Anthony Edwards,https://hashtagbasketball.com/27638/player,"PG,SG",MIN,61,2141.6,0.489,602.0,1231.0,0.796,348.0,437.0,205.0,1757.0,302.0,226.0,83.0,48.0,173.0,18.94
28,49,Rudy Gobert,https://hashtagbasketball.com/9503/player,C,MIN,76,2374.9,0.682,335.0,491.0,0.526,159.0,302.0,0.0,829.0,872.0,128.0,58.0,123.0,106.0,18.79
29,1,Julius Randle,https://hashtagbasketball.com/9282/player,"PF,C",MIN,79,2614.8,0.481,580.0,1206.0,0.802,398.0,496.0,109.0,1667.0,532.0,396.0,86.0,19.0,218.0,18.78
30,6,Mikal Bridges,https://hashtagbasketball.com/15207/player,"SG,SF,PF",NY,82,2691.9,0.490,472.0,963.0,0.827,81.0,98.0,156.0,1181.0,313.0,304.0,107.0,62.0,83.0,18.56
31,1,Ryan Rollins,https://hashtagbasketball.com/38954/player,"PG,SG",MIL,74,2375.2,0.472,486.0,1030.0,0.796,125.0,157.0,184.0,1281.0,338.0,414.0,110.0,31.0,201.0,18.31
32,3,Cooper Flagg,https://hashtagbasketball.com/120207/player,"PG,SG,SF",DAL,70,2343.8,0.468,559.0,1194.0,0.828,284.0,343.0,72.0,1474.0,466.0,316.0,84.0,64.0,161.0,18.28
33,3,Brandon Ingram,https://hashtagbasketball.com/10149/player,"SG,SF,PF",TOR,77,2603.9,0.477,614.0,1288.0,0.820,292.0,356.0,135.0,1655.0,430.0,284.0,58.0,55.0,186.0,18.27
34,7,Donovan Clingan,https://hashtagbasketball.com/120003/player,C,POR,77,2093.7,0.520,356.0,684.0,0.680,138.0,203.0,84.0,934.0,892.0,162.0,44.0,130.0,95.0,18.25
35,,Devin Booker,https://hashtagbasketball.com/9434/player,"PG,SG",PHO,64,2146.4,0.456,546.0,1198.0,0.873,454.0,520.0,122.0,1668.0,247.0,386.0,51.0,18.0,202.0,17.96
36,2,Deni Avdija,https://hashtagbasketball.com/27454/player,"SG,SF,PF",POR,66,2199.3,0.462,492.0,1065.0,0.802,489.0,610.0,125.0,1598.0,455.0,442.0,51.0,41.0,253.0,17.87
37,3,Onyeka Okongwu,https://hashtagbasketball.com/27342/player,"PF,C",ATL,74,2297.0,0.481,413.0,859.0,0.757,153.0,202.0,144.0,1123.0,561.0,231.0,82.0,79.0,127.0,17.81
38,1,Matas Buzelis,https://hashtagbasketball.com/120011/player,"SF,PF",CHI,77,2248.3,0.463,446.0,963.0,0.786,187.0,238.0,173.0,1252.0,447.0,158.0,54.0,115.0,159.0,17.70
39,23,Evan Mobley,https://hashtagbasketball.com/31032/player,"PF,C",CLE,65,2074.3,0.546,469.0,859.0,0.606,180.0,297.0,62.0,1180.0,586.0,234.0,48.0,113.0,122.0,17.52
40,4,DeMar DeRozan,https://hashtagbasketball.com/9489/player,"SF,PF",SAC,77,2405.5,0.497,499.0,1005.0,0.868,374.0,431.0,47.0,1419.0,226.0,316.0,80.0,23.0,96.0,17.43
41,2,Jaden McDaniels,https://hashtagbasketball.com/27700/player,"SF,PF",MIN,73,2304.4,0.515,417.0,809.0,0.835,147.0,176.0,103.0,1084.0,310.0,199.0,80.0,73.0,131.0,17.23
42,1,Bam Adebayo,https://hashtagbasketball.com/13742/player,"PF,C",MIA,73,2364.7,0.442,506.0,1145.0,0.778,329.0,423.0,127.0,1468.0,732.0,232.0,86.0,49.0,120.0,16.94
43,,OG Anunoby,https://hashtagbasketball.com/13750/player,"SF,PF",NY,67,2223.8,0.484,389.0,804.0,0.828,183.0,221.0,157.0,1118.0,351.0,145.0,104.0,48.0,123.0,16.89
44,,Dyson Daniels,https://hashtagbasketball.com/39833/player,"PG,SG,SF",ATL,76,2519.6,0.517,402.0,777.0,0.615,75.0,122.0,22.0,901.0,519.0,450.0,149.0,31.0,135.0,16.88
45,3,Payton Pritchard,https://hashtagbasketball.com/27718/player,PG,BOS,79,2555.5,0.464,506.0,1091.0,0.890,121.0,136.0,212.0,1345.0,312.0,408.0,58.0,10.0,109.0,16.85
46,6,Neemias Queta,https://hashtagbasketball.com/31068/player,"PF,C",BOS,76,1926.2,0.653,326.0,499.0,0.703,123.0,175.0,1.0,776.0,636.0,126.0,60.0,100.0,75.0,16.79
47,,Reed Sheppard,https://hashtagbasketball.com/120004/player,"PG,SG",HOU,82,2147.0,0.430,407.0,946.0,0.802,69.0,86.0,227.0,1110.0,238.0,277.0,121.0,54.0,123.0,16.64
48,3,Jay Huff,https://hashtagbasketball.com/35209/player,C,IND,82,1719.2,0.476,291.0,611.0,0.828,82.0,99.0,119.0,783.0,325.0,121.0,41.0,153.0,76.0,16.52
49,1,VJ Edgecombe,https://hashtagbasketball.com/120210/player,"PG,SG",PHI,75,2623.3,0.438,451.0,1029.0,0.819,149.0,182.0,149.0,1200.0,423.0,315.0,107.0,39.0,137.0,16.50
50,4,Kel'el Ware,https://hashtagbasketball.com/120030/player,"PF,C",MIA,77,1703.8,0.530,344.0,649.0,0.747,71.0,95.0,92.0,851.0,695.0,56.0,60.0,84.0,62.0,16.45
51,2,Brandon Miller,https://hashtagbasketball.com/110400/player,"SF,PF",CHA,65,1968.3,0.435,454.0,1044.0,0.892,199.0,223.0,204.0,1311.0,319.0,216.0,66.0,44.0,162.0,16.43
52,1,Derik Queen,https://hashtagbasketball.com/120216/player,"PF,C",NO,81,2023.4,0.473,354.0,748.0,0.795,217.0,273.0,23.0,948.0,571.0,299.0,84.0,75.0,190.0,16.38
53,3,Keyonte George,https://hashtagbasketball.com/111212/player,"PG,SG",UTA,54,1785.7,0.456,402.0,881.0,0.892,337.0,378.0,134.0,1275.0,198.0,332.0,58.0,14.0,166.0,16.32
54,2,Austin Reaves,https://hashtagbasketball.com/35041/player,"PG,SG,SF",LAL,51,1761.7,0.490,373.0,762.0,0.871,323.0,371.0,118.0,1187.0,240.0,280.0,56.0,20.0,151.0,16.18
55,2,De'Aaron Fox,https://hashtagbasketball.com/13732/player,"PG,SG",SA,72,2231.1,0.486,509.0,1047.0,0.760,187.0,246.0,131.0,1336.0,270.0,445.0,89.0,19.0,164.0,16.17
56,4,Paolo Banchero,https://hashtagbasketball.com/38840/player,"PF,C",ORL,72,2501.7,0.459,529.0,1152.0,0.775,457.0,590.0,84.0,1599.0,604.0,373.0,51.0,40.0,222.0,15.94
57,,LeBron James,https://hashtagbasketball.com/9158/player,"SF,PF",LAL,60,1989.0,0.515,473.0,919.0,0.738,234.0,317.0,77.0,1257.0,364.0,432.0,72.0,35.0,179.0,15.85
58,4,Collin Gillespie,https://hashtagbasketball.com/39847/player,"PG,SG",PHO,80,2281.8,0.418,352.0,842.0,0.874,76.0,87.0,232.0,1012.0,328.0,371.0,98.0,16.0,124.0,15.82
59,4,Naz Reid,https://hashtagbasketball.com/17285/player,"PF,C",MIN,77,2011.6,0.456,397.0,871.0,0.732,90.0,123.0,162.0,1046.0,477.0,171.0,77.0,78.0,127.0,15.79
60,4,Jabari Smith Jr.,https://hashtagbasketball.com/38797/player,"SF,PF,C",HOU,77,2705.3,0.450,438.0,974.0,0.775,162.0,209.0,177.0,1215.0,529.0,143.0,56.0,71.0,105.0,15.64
61,3,Immanuel Quickley,https://hashtagbasketball.com/27724/player,"PG,SG",TOR,70,2231.3,0.443,401.0,905.0,0.821,170.0,207.0,178.0,1150.0,282.0,415.0,92.0,5.0,102.0,15.44
62,3,Andrew Wiggins,https://hashtagbasketball.com/9342/player,"SG,SF,PF",MIA,68,2062.6,0.475,390.0,821.0,0.784,127.0,162.0,138.0,1045.0,329.0,182.0,76.0,70.0,103.0,15.43
63,2,Miles Bridges,https://hashtagbasketball.com/15209/player,"SF,PF",CHA,77,2387.2,0.460,479.0,1042.0,0.822,208.0,253.0,148.0,1314.0,450.0,246.0,46.0,34.0,107.0,15.26
64,1,Brandin Podziemski,https://hashtagbasketball.com/111215/player,"PG,SG",GS,82,2331.4,0.455,394.0,866.0,0.797,192.0,241.0,153.0,1133.0,419.0,304.0,88.0,15.0,131.0,15.22
65,,Donte DiVincenzo,https://hashtagbasketball.com/15214/player,"PG,SG",MIN,82,2481.6,0.406,339.0,835.0,0.743,78.0,105.0,244.0,1000.0,336.0,313.0,104.0,34.0,118.0,15.17
66,1,Stephen Curry,https://hashtagbasketball.com/9218/player,PG,GS,43,1328.8,0.468,374.0,799.0,0.923,204.0,221.0,190.0,1142.0,154.0,203.0,49.0,18.0,121.0,15.03
67,1,Wendell Carter Jr.,https://hashtagbasketball.com/15204/player,C,ORL,78,2288.4,0.512,326.0,637.0,0.792,198.0,250.0,72.0,922.0,578.0,154.0,60.0,49.0,100.0,15.00
68,4,Deandre Ayton,https://hashtagbasketball.com/15198/player,C,LAL,72,1958.4,0.671,403.0,601.0,0.645,91.0,141.0,0.0,897.0,575.0,59.0,42.0,70.0,83.0,14.98
69,1,Tre Jones,https://hashtagbasketball.com/27679/player,"PG,SG",CHI,65,1752.4,0.553,341.0,617.0,0.841,191.0,227.0,41.0,914.0,204.0,350.0,78.0,11.0,92.0,14.77
70,1,CJ McCollum,https://hashtagbasketball.com/9447/player,"PG,SG",ATL,76,2263.4,0.455,525.0,1154.0,0.772,183.0,237.0,191.0,1424.0,252.0,293.0,64.0,35.0,135.0,14.75
71,2,Ayo Dosunmu,https://hashtagbasketball.com/31067/player,"PG,SG,SF",MIN,69,1881.1,0.517,386.0,747.0,0.876,127.0,145.0,123.0,1022.0,237.0,249.0,58.0,18.0,96.0,14.74
72,3,Toumani Camara,https://hashtagbasketball.com/111248/player,"SF,PF,C",POR,82,2730.0,0.440,392.0,891.0,0.708,97.0,137.0,219.0,1100.0,421.0,201.0,93.0,35.0,144.0,14.70
73,25,Ausar Thompson,https://hashtagbasketball.com/111205/player,"SG,SF,PF",DET,73,1895.6,0.525,303.0,577.0,0.571,109.0,191.0,6.0,721.0,418.0,228.0,145.0,69.0,110.0,14.68
74,1,Michael Porter Jr.,https://hashtagbasketball.com/15211/player,"SF,PF",BKN,52,1688.6,0.463,444.0,958.0,0.860,196.0,228.0,176.0,1260.0,367.0,158.0,55.0,12.0,122.0,14.61
75,5,Nikola Vucevic,https://hashtagbasketball.com/9412/player,C,BOS,64,1818.1,0.493,394.0,799.0,0.828,77.0,93.0,100.0,965.0,537.0,213.0,39.0,41.0,85.0,14.60
76,4,Julian Champagnie,https://hashtagbasketball.com/53823/player,"SG,SF",SA,82,2266.0,0.437,301.0,689.0,0.844,114.0,135.0,195.0,911.0,475.0,127.0,63.0,38.0,70.0,14.43
77,1,Cam Spencer,https://hashtagbasketball.com/120065/player,"PG,SG",MEM,72,1714.4,0.473,263.0,556.0,0.940,126.0,134.0,146.0,798.0,182.0,400.0,52.0,11.0,93.0,14.42
78,1,Jalen Suggs,https://hashtagbasketball.com/31034/player,"PG,SG",ORL,57,1573.6,0.435,282.0,649.0,0.855,100.0,117.0,122.0,786.0,220.0,311.0,105.0,40.0,152.0,14.39
79,5,Saddiq Bey,https://hashtagbasketball.com/27593/player,"SF,PF",NO,72,2245.6,0.451,436.0,966.0,0.841,248.0,295.0,151.0,1271.0,400.0,182.0,68.0,7.0,68.0,14.36
80,5,Josh Giddey,https://hashtagbasketball.com/31035/player,"PG,SG",CHI,54,1731.4,0.448,321.0,717.0,0.763,174.0,228.0,103.0,919.0,449.0,494.0,55.0,27.0,196.0,14.27
81,1,Josh Hart,https://hashtagbasketball.com/13756/player,"SG,SF,PF",NY,66,1993.6,0.508,301.0,592.0,0.720,90.0,125.0,100.0,792.0,487.0,317.0,75.0,17.0,128.0,14.17
82,4,Myles Turner,https://hashtagbasketball.com/9252/player,C,MIL,71,1911.8,0.438,283.0,646.0,0.740,131.0,177.0,147.0,844.0,379.0,103.0,50.0,115.0,83.0,14.14
83,2,John Collins,https://hashtagbasketball.com/13737/player,"PF,C",LAC,69,1871.5,0.552,364.0,659.0,0.766,118.0,154.0,89.0,935.0,367.0,70.0,60.0,50.0,95.0,14.05
84,3,Jaime Jaquez Jr.,https://hashtagbasketball.com/111214/player,"SG,SF,PF",MIA,75,2121.3,0.507,464.0,915.0,0.769,166.0,216.0,58.0,1152.0,374.0,352.0,50.0,21.0,152.0,14.04
85,5,Sandro Mamukelashvili,https://hashtagbasketball.com/31083/player,"PF,C",TOR,80,1750.7,0.523,330.0,631.0,0.747,118.0,158.0,115.0,893.0,395.0,151.0,64.0,41.0,67.0,13.93
86,,Kyle Filipowski,https://hashtagbasketball.com/120014/player,"PF,C",UTA,77,1800.5,0.492,323.0,657.0,0.750,159.0,212.0,74.0,879.0,553.0,198.0,73.0,39.0,125.0,13.92
87,4,Maxime Raynaud,https://hashtagbasketball.com/120244/player,C,SAC,74,1963.9,0.571,383.0,671.0,0.786,132.0,168.0,24.0,922.0,556.0,100.0,38.0,39.0,95.0,13.91
88,11,Zion Williamson,https://hashtagbasketball.com/16958/player,"SF,PF,C",NO,62,1841.1,0.600,484.0,807.0,0.716,333.0,465.0,1.0,1302.0,353.0,198.0,60.0,35.0,126.0,13.86
89,8,Stephon Castle,https://hashtagbasketball.com/120002/player,"PG,SG",SA,68,2037.8,0.470,383.0,815.0,0.734,282.0,384.0,81.0,1129.0,361.0,503.0,78.0,19.0,216.0,13.81
90,6,Lauri Markkanen,https://hashtagbasketball.com/13734/player,"SF,PF",UTA,42,1442.6,0.477,384.0,805.0,0.896,240.0,268.0,115.0,1123.0,289.0,89.0,42.0,21.0,63.0,13.71
91,,Collin Sexton,https://hashtagbasketball.com/15205/player,"PG,SG",CHI,68,1613.2,0.485,360.0,742.0,0.855,218.0,255.0,112.0,1050.0,155.0,223.0,76.0,10.0,141.0,13.71
92,3,Royce O'Neale,https://hashtagbasketball.com/13792/player,"SF,PF",PHO,78,2213.1,0.421,263.0,624.0,0.711,27.0,38.0,212.0,765.0,372.0,208.0,84.0,32.0,103.0,13.67
93,1,Quentin Grimes,https://hashtagbasketball.com/31054/player,"SG,SF",PHI,75,2205.8,0.450,340.0,755.0,0.840,199.0,237.0,127.0,1006.0,273.0,244.0,64.0,28.0,133.0,13.65
94,6,Mark Williams,https://hashtagbasketball.com/38835/player,C,PHO,60,1416.1,0.644,282.0,438.0,0.771,135.0,175.0,1.0,700.0,475.0,58.0,55.0,55.0,65.0,13.54
95,1,Norman Powell,https://hashtagbasketball.com/9500/player,"SG,SF",MIA,58,1716.9,0.470,421.0,895.0,0.827,263.0,318.0,156.0,1261.0,203.0,142.0,64.0,14.0,111.0,13.53
96,6,Cason Wallace,https://hashtagbasketball.com/109469/player,"PG,SG,SF",OKC,77,2046.0,0.432,252.0,584.0,0.809,55.0,68.0,101.0,660.0,238.0,200.0,151.0,28.0,73.0,13.45
97,14,Nicolas Claxton,https://hashtagbasketball.com/17252/player,C,BKN,69,1920.4,0.571,333.0,583.0,0.616,141.0,229.0,3.0,810.0,477.0,253.0,45.0,77.0,96.0,13.44
98,2,Kris Dunn,https://hashtagbasketball.com/10129/player,"PG,SG",LAC,82,2228.5,0.476,227.0,477.0,0.765,62.0,81.0,80.0,596.0,271.0,295.0,131.0,14.0,111.0,13.43
99,5,Jeremiah Fears,https://hashtagbasketball.com/120211/player,"PG,SG",NO,82,2112.0,0.434,437.0,1007.0,0.789,194.0,246.0,101.0,1169.0,300.0,279.0,97.0,30.0,177.0,13.35
100,7,Ryan Kalkbrenner,https://hashtagbasketball.com/120239/player,C,CHA,69,1479.2,0.753,219.0,291.0,0.716,83.0,116.0,0.0,521.0,376.0,53.0,32.0,101.0,62.0,13.32
101,6,Moussa Diabaté,https://hashtagbasketball.com/38955/player,C,CHA,73,1899.0,0.631,229.0,363.0,0.659,116.0,176.0,1.0,575.0,635.0,143.0,56.0,72.0,73.0,13.29
102,10,Pascal Siakam,https://hashtagbasketball.com/10123/player,"SF,PF,C",IND,62,2056.7,0.484,559.0,1155.0,0.693,262.0,378.0,105.0,1485.0,411.0,236.0,69.0,25.0,138.0,13.14
103,1,Naji Marshall,https://hashtagbasketball.com/27850/player,"SG,SF,PF",DAL,74,2183.8,0.510,419.0,821.0,0.760,228.0,300.0,62.0,1128.0,348.0,241.0,82.0,6.0,119.0,13.13
104,4,Keldon Johnson,https://hashtagbasketball.com/17305/player,"SF,PF",SA,82,1911.5,0.519,414.0,797.0,0.794,154.0,194.0,99.0,1081.0,440.0,111.0,46.0,11.0,70.0,13.11
105,2,Joel Embiid,https://hashtagbasketball.com/9418/player,C,PHI,38,1200.7,0.489,341.0,697.0,0.854,286.0,335.0,53.0,1021.0,293.0,150.0,21.0,46.0,109.0,13.06
106,5,Jarrett Allen,https://hashtagbasketball.com/13749/player,C,CLE,56,1519.2,0.639,337.0,527.0,0.709,185.0,261.0,1.0,860.0,476.0,100.0,55.0,47.0,75.0,13.00
107,2,Max Christie,https://hashtagbasketball.com/38582/player,"SG,SF",DAL,77,2244.5,0.441,320.0,725.0,0.899,125.0,139.0,180.0,945.0,249.0,151.0,47.0,27.0,96.0,12.87
108,2,Jaren Jackson Jr.,https://hashtagbasketball.com/15201/player,"PF,C",UTA,48,1454.7,0.476,342.0,719.0,0.803,163.0,203.0,84.0,931.0,273.0,94.0,52.0,69.0,107.0,12.72
109,4,Andrew Nembhard,https://hashtagbasketball.com/38614/player,"PG,SG",IND,57,1785.6,0.442,333.0,753.0,0.825,193.0,234.0,107.0,966.0,160.0,438.0,51.0,8.0,137.0,12.36
110,2,Tobias Harris,https://hashtagbasketball.com/9212/player,PF,DET,63,1745.5,0.469,309.0,659.0,0.866,136.0,157.0,82.0,836.0,322.0,157.0,59.0,26.0,63.0,12.35
111,1,Jaylon Tyson,https://hashtagbasketball.com/120023/player,"SG,SF",CLE,66,1777.4,0.493,330.0,670.0,0.738,79.0,107.0,133.0,872.0,338.0,147.0,54.0,28.0,99.0,12.32
112,3,Jake LaRavia,https://hashtagbasketball.com/38948/player,"SF,PF",LAL,82,2061.5,0.459,240.0,523.0,0.763,116.0,152.0,78.0,674.0,326.0,145.0,104.0,38.0,87.0,12.28
113,33,Oso Ighodaro,https://hashtagbasketball.com/120051/player,C,PHO,82,1808.4,0.653,239.0,366.0,0.453,53.0,117.0,0.0,531.0,419.0,185.0,72.0,57.0,102.0,12.28
114,14,Draymond Green,https://hashtagbasketball.com/9228/player,"PF,C",GS,68,1861.9,0.418,205.0,491.0,0.702,59.0,84.0,101.0,570.0,376.0,376.0,61.0,42.0,181.0,12.27
115,,Brice Sensabaugh,https://hashtagbasketball.com/111224/player,"SG,SF,PF",UTA,75,1761.9,0.460,394.0,857.0,0.826,166.0,201.0,162.0,1116.0,231.0,143.0,54.0,12.0,124.0,12.24
116,9,Luke Kornet,https://hashtagbasketball.com/13862/player,C,SA,68,1430.1,0.641,175.0,273.0,0.825,94.0,114.0,0.0,444.0,415.0,126.0,32.0,65.0,28.0,12.22
117,3,Kevin Porter Jr.,https://hashtagbasketball.com/17286/player,"PG,SG",MIL,38,1261.0,0.465,239.0,514.0,0.878,137.0,156.0,46.0,661.0,198.0,280.0,83.0,18.0,110.0,12.18
118,15,Russell Westbrook,https://hashtagbasketball.com/9387/player,"PG,SG",SAC,64,1852.5,0.427,358.0,839.0,0.694,127.0,183.0,128.0,971.0,347.0,426.0,83.0,12.0,208.0,12.18
119,3,Anthony Black,https://hashtagbasketball.com/111206/player,"PG,SG,SF",ORL,64,1910.1,0.446,345.0,774.0,0.732,169.0,231.0,100.0,959.0,244.0,236.0,91.0,45.0,131.0,12.16
120,4,Jrue Holiday,https://hashtagbasketball.com/9355/player,"PG,SG",POR,53,1560.4,0.451,320.0,709.0,0.838,88.0,105.0,137.0,865.0,245.0,321.0,54.0,6.0,146.0,12.15
121,3,Cedric Coward,https://hashtagbasketball.com/120234/player,"SG,SF",MEM,62,1597.9,0.471,305.0,648.0,0.843,140.0,166.0,93.0,843.0,364.0,171.0,40.0,27.0,105.0,12.12
122,3,Ajay Mitchell,https://hashtagbasketball.com/120041/player,"PG,SG",OKC,57,1472.8,0.485,286.0,590.0,0.870,141.0,162.0,61.0,774.0,190.0,206.0,71.0,18.0,81.0,12.01
123,14,Bub Carrington,https://hashtagbasketball.com/120039/player,"PG,SG",WAS,82,2270.6,0.424,314.0,741.0,0.730,81.0,111.0,169.0,878.0,276.0,381.0,52.0,17.0,191.0,11.97
124,1,Ace Bailey,https://hashtagbasketball.com/120209/player,"SG,SF,PF",UTA,72,1987.6,0.443,395.0,892.0,0.750,66.0,88.0,137.0,993.0,301.0,131.0,60.0,49.0,107.0,11.97
125,8,Devin Vassell,https://hashtagbasketball.com/27644/player,"SG,SF",SA,67,2044.2,0.437,330.0,755.0,0.815,106.0,130.0,166.0,932.0,269.0,167.0,57.0,25.0,60.0,11.95
126,4,Davion Mitchell,https://hashtagbasketball.com/31038/player,PG,MIA,70,2000.3,0.490,261.0,533.0,0.636,42.0,66.0,90.0,654.0,186.0,454.0,68.0,11.0,108.0,11.91
127,11,Robert Williams III,https://hashtagbasketball.com/15224/player,C,POR,59,1008.3,0.708,177.0,250.0,0.596,34.0,57.0,9.0,397.0,415.0,60.0,35.0,87.0,49.0,11.90
128,3,Jerami Grant,https://hashtagbasketball.com/9419/player,"SF,PF",POR,57,1695.1,0.453,331.0,730.0,0.814,262.0,322.0,136.0,1060.0,198.0,122.0,42.0,36.0,119.0,11.89
129,9,Jimmy Butler III,https://hashtagbasketball.com/9152/player,"SG,SF,PF",GS,38,1181.7,0.521,240.0,461.0,0.864,248.0,287.0,32.0,760.0,212.0,185.0,55.0,8.0,60.0,11.88
130,9,Duncan Robinson,https://hashtagbasketball.com/15300/player,"SG,SF",DET,77,2113.2,0.456,318.0,698.0,0.755,83.0,110.0,220.0,939.0,205.0,159.0,44.0,22.0,54.0,11.82
131,2,Alexandre Sarr,https://hashtagbasketball.com/120000/player,C,WAS,48,1304.6,0.482,316.0,656.0,0.688,99.0,144.0,50.0,781.0,356.0,130.0,39.0,94.0,83.0,11.82
132,9,Tristan da Silva,https://hashtagbasketball.com/120016/player,"SF,PF",ORL,77,1899.5,0.450,279.0,620.0,0.884,84.0,95.0,120.0,762.0,284.0,124.0,67.0,25.0,69.0,11.80
133,7,Luke Kennard,https://hashtagbasketball.com/13740/player,"PG,SG",LAL,78,1680.5,0.534,236.0,442.0,0.913,63.0,69.0,117.0,652.0,181.0,174.0,55.0,8.0,60.0,11.74
134,7,Tim Hardaway Jr.,https://hashtagbasketball.com/9087/player,"SG,SF",DEN,80,2135.9,0.447,348.0,778.0,0.811,159.0,196.0,224.0,1079.0,206.0,108.0,42.0,9.0,43.0,11.65
135,63,Giannis Antetokounmpo,https://hashtagbasketball.com/9325/player,"PF,C",MIL,36,1038.9,0.624,373.0,598.0,0.650,232.0,357.0,15.0,993.0,352.0,196.0,34.0,24.0,115.0,11.61
136,,Dylan Harper,https://hashtagbasketball.com/120208/player,"PG,SG",SA,69,1558.0,0.505,331.0,656.0,0.756,90.0,119.0,61.0,813.0,234.0,266.0,54.0,24.0,99.0,11.60
137,5,Brook Lopez,https://hashtagbasketball.com/9118/player,C,LAC,75,1635.3,0.428,232.0,542.0,0.757,56.0,74.0,114.0,634.0,273.0,97.0,46.0,87.0,61.0,11.55
138,3,Bobby Portis,https://hashtagbasketball.com/9151/player,"PF,C",MIL,67,1619.3,0.488,366.0,750.0,0.706,48.0,68.0,135.0,915.0,428.0,105.0,41.0,12.0,66.0,11.46
139,5,Isaiah Joe,https://hashtagbasketball.com/27881/player,"SG,SF",OKC,71,1507.4,0.455,247.0,543.0,0.894,110.0,123.0,181.0,785.0,181.0,94.0,50.0,11.0,45.0,11.40
140,1,Bennedict Mathurin,https://hashtagbasketball.com/38940/player,"SG,SF",LAC,54,1619.9,0.430,291.0,677.0,0.869,292.0,336.0,75.0,949.0,293.0,129.0,43.0,13.0,118.0,11.37
141,3,Justin Champagnie,https://hashtagbasketball.com/31159/player,"SF,PF",WAS,69,1377.5,0.502,232.0,462.0,0.784,80.0,102.0,53.0,597.0,384.0,84.0,59.0,43.0,45.0,11.30
142,3,Isaiah Stewart,https://hashtagbasketball.com/27622/player,"PF,C",DET,58,1317.1,0.550,221.0,402.0,0.756,99.0,131.0,40.0,581.0,290.0,66.0,16.0,93.0,66.0,11.28
143,1,Peyton Watson,https://hashtagbasketball.com/38944/player,"SF,PF",DEN,54,1603.5,0.491,285.0,581.0,0.730,138.0,189.0,81.0,789.0,264.0,111.0,52.0,60.0,93.0,11.21
144,18,Precious Achiuwa,https://hashtagbasketball.com/27843/player,"PF,C",SAC,73,1745.2,0.529,316.0,597.0,0.554,77.0,139.0,27.0,736.0,492.0,101.0,65.0,50.0,65.0,11.19
145,5,Javonte Green,https://hashtagbasketball.com/120163/player,"SG,SF",DET,82,1446.0,0.447,185.0,414.0,0.840,105.0,125.0,94.0,569.0,230.0,56.0,103.0,25.0,45.0,11.16
146,3,Darius Garland,https://hashtagbasketball.com/17191/player,PG,LAC,45,1344.3,0.460,309.0,672.0,0.861,105.0,122.0,122.0,845.0,108.0,301.0,43.0,8.0,130.0,11.14
147,4,Bruce Brown,https://hashtagbasketball.com/15287/player,"PG,SG",DEN,82,2001.5,0.476,248.0,521.0,0.764,97.0,127.0,57.0,650.0,318.0,174.0,85.0,21.0,91.0,11.14
148,4,Pelle Larsson,https://hashtagbasketball.com/120067/player,"SG,SF",MIA,70,1849.1,0.496,277.0,559.0,0.797,184.0,231.0,62.0,800.0,243.0,235.0,49.0,16.0,101.0,11.14
149,1,Kyshawn George,https://hashtagbasketball.com/120020/player,"SG,SF,PF",WAS,48,1391.0,0.438,253.0,577.0,0.802,105.0,131.0,99.0,710.0,245.0,214.0,48.0,43.0,125.0,11.11
150,3,Jarace Walker,https://hashtagbasketball.com/109468/player,"SF,PF",IND,76,1953.4,0.419,307.0,733.0,0.749,137.0,183.0,133.0,884.0,391.0,192.0,63.0,26.0,139.0,11.11
151,6,Grayson Allen,https://hashtagbasketball.com/15218/player,"PG,SG,SF",PHO,51,1467.3,0.403,269.0,667.0,0.857,144.0,168.0,159.0,841.0,155.0,195.0,69.0,13.0,83.0,11.04
152,4,Ivica Zubac,https://hashtagbasketball.com/10169/player,C,IND,48,1446.7,0.596,288.0,483.0,0.711,101.0,142.0,0.0,677.0,510.0,105.0,18.0,40.0,86.0,10.96
153,4,Kyle Kuzma,https://hashtagbasketball.com/13753/player,"SF,PF",MIL,69,1805.4,0.492,339.0,689.0,0.726,135.0,186.0,83.0,896.0,313.0,184.0,46.0,28.0,119.0,10.95
154,7,AJ Green,https://hashtagbasketball.com/39849/player,"PG,SG,SF",MIL,78,2269.9,0.424,262.0,618.0,0.855,53.0,62.0,232.0,809.0,213.0,152.0,39.0,8.0,75.0,10.92
155,3,Kevin Huerter,https://hashtagbasketball.com/15216/player,"SG,SF",DET,69,1549.1,0.451,269.0,596.0,0.775,55.0,71.0,100.0,693.0,240.0,178.0,63.0,32.0,72.0,10.83
156,35,Mitchell Robinson,https://hashtagbasketball.com/15282/player,C,NY,60,1174.5,0.723,149.0,206.0,0.408,42.0,103.0,0.0,340.0,524.0,52.0,56.0,70.0,42.0,10.82
157,6,Daniel Gafford,https://hashtagbasketball.com/17259/player,C,DAL,55,1194.5,0.655,207.0,316.0,0.683,110.0,161.0,0.0,524.0,378.0,58.0,41.0,69.0,63.0,10.80
158,5,Brandon Williams,https://hashtagbasketball.com/37446/player,PG,DAL,66,1462.7,0.472,291.0,617.0,0.793,241.0,304.0,36.0,859.0,191.0,256.0,62.0,20.0,125.0,10.77
159,4,Jordan Goodwin,https://hashtagbasketball.com/35208/player,"PG,SG,SF",PHO,70,1571.8,0.413,229.0,555.0,0.696,39.0,56.0,112.0,609.0,342.0,152.0,105.0,14.0,66.0,10.75
160,6,Paul Reed,https://hashtagbasketball.com/27884/player,"PF,C",DET,65,900.6,0.617,209.0,339.0,0.664,73.0,110.0,13.0,504.0,295.0,80.0,57.0,60.0,58.0,10.72
161,2,Gary Payton II,https://hashtagbasketball.com/11882/player,SG,GS,73,1142.2,0.583,242.0,415.0,0.650,26.0,40.0,37.0,547.0,265.0,123.0,67.0,21.0,62.0,10.68
162,4,Harrison Barnes,https://hashtagbasketball.com/9220/player,"SF,PF",SA,77,1986.4,0.457,263.0,576.0,0.829,102.0,123.0,139.0,767.0,214.0,148.0,50.0,12.0,61.0,10.68
163,7,Isaiah Collier,https://hashtagbasketball.com/120015/player,"PG,SG",UTA,59,1516.9,0.495,255.0,515.0,0.722,151.0,209.0,27.0,688.0,150.0,423.0,66.0,20.0,148.0,10.64
164,4,Dominick Barlow,https://hashtagbasketball.com/53821/player,"PF,C",PHI,71,1688.5,0.536,215.0,401.0,0.718,94.0,131.0,21.0,545.0,340.0,87.0,63.0,52.0,56.0,10.64
165,,Day'Ron Sharpe,https://hashtagbasketball.com/31058/player,C,BKN,62,1160.0,0.603,214.0,355.0,0.678,103.0,152.0,9.0,540.0,411.0,145.0,67.0,26.0,106.0,10.59
166,10,Sam Hauser,https://hashtagbasketball.com/36104/player,"SF,PF",BOS,78,1934.2,0.419,252.0,601.0,0.850,17.0,20.0,198.0,719.0,300.0,114.0,38.0,23.0,35.0,10.58
167,6,Moses Moody,https://hashtagbasketball.com/31043/player,"SG,SF,PF",GS,60,1539.9,0.440,245.0,557.0,0.770,87.0,113.0,151.0,728.0,200.0,98.0,59.0,35.0,57.0,10.57
168,2,RJ Barrett,https://hashtagbasketball.com/17181/player,"SG,SF,PF",TOR,57,1725.8,0.491,401.0,816.0,0.717,200.0,279.0,96.0,1098.0,300.0,189.0,42.0,19.0,100.0,10.54
169,2,Dillon Brooks,https://hashtagbasketball.com/13786/player,"SF,PF",PHO,56,1701.6,0.435,417.0,959.0,0.842,170.0,202.0,127.0,1131.0,203.0,99.0,59.0,9.0,99.0,10.51
170,1,Ron Holland II,https://hashtagbasketball.com/120010/player,"SF,PF",DET,78,1550.6,0.432,235.0,544.0,0.805,120.0,149.0,50.0,640.0,314.0,95.0,93.0,27.0,95.0,10.41
171,,Noah Clowney,https://hashtagbasketball.com/111217/player,"PF,C",BKN,66,1780.0,0.396,250.0,631.0,0.804,180.0,224.0,129.0,809.0,274.0,108.0,50.0,45.0,102.0,10.39
172,8,Cameron Johnson,https://hashtagbasketball.com/17197/player,"SG,SF,PF",DEN,54,1647.0,0.480,228.0,475.0,0.839,94.0,112.0,110.0,660.0,206.0,132.0,40.0,21.0,47.0,10.34
173,,Gui Santos,https://hashtagbasketball.com/39844/player,"SF,PF",GS,68,1395.4,0.500,230.0,460.0,0.725,87.0,120.0,78.0,625.0,266.0,159.0,62.0,22.0,102.0,10.32
174,2,P.J. Washington,https://hashtagbasketball.com/17273/player,"SF,PF,C",DAL,56,1735.6,0.450,296.0,658.0,0.687,125.0,182.0,76.0,793.0,392.0,98.0,56.0,60.0,94.0,10.32
175,3,Dennis Schröder,https://hashtagbasketball.com/9084/player,"PG,SG",CLE,70,1696.3,0.405,255.0,629.0,0.834,171.0,205.0,75.0,756.0,188.0,341.0,55.0,11.0,124.0,10.28
176,11,Shaedon Sharpe,https://hashtagbasketball.com/38941/player,"PG,SG,SF",POR,50,1471.3,0.452,392.0,868.0,0.787,155.0,197.0,103.0,1042.0,217.0,132.0,70.0,6.0,147.0,10.27
177,3,Bilal Coulibaly,https://hashtagbasketball.com/109467/player,"SG,SF",WAS,56,1467.6,0.425,230.0,541.0,0.746,132.0,177.0,65.0,657.0,243.0,145.0,75.0,54.0,80.0,10.21
178,10,Goga Bitadze,https://hashtagbasketball.com/17241/player,C,ORL,64,972.0,0.676,152.0,225.0,0.711,69.0,97.0,2.0,375.0,320.0,85.0,37.0,61.0,43.0,10.20
179,,Marcus Smart,https://hashtagbasketball.com/9102/player,"PG,SG",LAL,62,1769.0,0.395,188.0,476.0,0.822,106.0,129.0,97.0,579.0,172.0,186.0,86.0,23.0,92.0,10.12
180,5,Jaylin Williams,https://hashtagbasketball.com/38695/player,"PF,C",OKC,65,1277.4,0.423,149.0,352.0,0.793,73.0,92.0,98.0,469.0,358.0,158.0,31.0,42.0,67.0,10.12
181,1,Malik Monk,https://hashtagbasketball.com/13739/player,"PG,SG",SAC,62,1363.7,0.438,277.0,632.0,0.879,94.0,107.0,124.0,772.0,117.0,185.0,37.0,24.0,91.0,10.11
182,6,Jamal Shead,https://hashtagbasketball.com/120046/player,PG,TOR,82,1852.3,0.367,185.0,504.0,0.784,91.0,116.0,84.0,545.0,143.0,444.0,76.0,15.0,112.0,10.09
183,7,Marvin Bagley III,https://hashtagbasketball.com/15199/player,"PF,C",DAL,60,1200.9,0.618,254.0,411.0,0.660,95.0,144.0,24.0,627.0,366.0,85.0,28.0,43.0,61.0,10.04
184,1,Isaiah Hartenstein,https://hashtagbasketball.com/15281/player,C,OKC,47,1137.5,0.622,184.0,296.0,0.610,64.0,105.0,0.0,432.0,444.0,166.0,47.0,36.0,82.0,10.03
185,1,Tari Eason,https://hashtagbasketball.com/38950/player,"SG,SF,PF",HOU,60,1549.1,0.415,241.0,581.0,0.776,52.0,67.0,93.0,627.0,375.0,90.0,72.0,28.0,81.0,9.99
186,5,T.J. McConnell,https://hashtagbasketball.com/9423/player,PG,IND,56,962.5,0.538,242.0,450.0,0.862,25.0,29.0,16.0,525.0,124.0,287.0,56.0,10.0,64.0,9.98
187,2,Kelly Oubre Jr.,https://hashtagbasketball.com/9526/player,"SF,PF",PHI,50,1574.3,0.467,254.0,544.0,0.766,111.0,145.0,86.0,705.0,252.0,80.0,68.0,24.0,69.0,9.95
188,11,Rui Hachimura,https://hashtagbasketball.com/17195/player,"SF,PF",LAL,68,1926.6,0.514,307.0,597.0,0.694,50.0,72.0,116.0,780.0,226.0,56.0,39.0,21.0,42.0,9.93
189,7,Collin Murray-Boyles,https://hashtagbasketball.com/120217/player,"PF,C",TOR,57,1245.6,0.579,198.0,342.0,0.657,71.0,108.0,17.0,484.0,285.0,106.0,52.0,53.0,59.0,9.93
190,6,Jock Landale,https://hashtagbasketball.com/33899/player,C,ATL,68,1506.1,0.515,282.0,548.0,0.635,80.0,126.0,74.0,718.0,387.0,115.0,35.0,36.0,60.0,9.92
191,2,Daniss Jenkins,https://hashtagbasketball.com/120118/player,"PG,SG",DET,72,1455.3,0.408,232.0,568.0,0.832,134.0,161.0,73.0,671.0,166.0,278.0,64.0,15.0,115.0,9.87
192,3,Dru Smith,https://hashtagbasketball.com/35173/player,"PG,SG",MIA,70,1141.4,0.415,135.0,325.0,0.829,87.0,105.0,38.0,395.0,173.0,180.0,100.0,21.0,55.0,9.74
193,3,Keon Ellis,https://hashtagbasketball.com/53595/player,"PG,SG",CLE,72,1478.6,0.440,169.0,384.0,0.729,51.0,70.0,91.0,480.0,136.0,72.0,83.0,45.0,41.0,9.62
194,,Paul George,https://hashtagbasketball.com/9250/player,"SG,SF,PF",PHI,37,1135.0,0.439,225.0,513.0,0.820,91.0,111.0,100.0,641.0,197.0,133.0,61.0,16.0,64.0,9.59
195,3,Luka Garza,https://hashtagbasketball.com/31081/player,C,BOS,69,1117.9,0.577,206.0,357.0,0.769,90.0,117.0,55.0,557.0,280.0,66.0,27.0,28.0,46.0,9.58
196,14,Coby White,https://hashtagbasketball.com/17193/player,"PG,SG",CHA,50,1249.8,0.446,278.0,623.0,0.817,197.0,241.0,115.0,868.0,170.0,200.0,25.0,5.0,128.0,9.52
197,1,Jakob Poeltl,https://hashtagbasketball.com/10122/player,C,TOR,46,1149.0,0.700,217.0,310.0,0.602,59.0,98.0,0.0,493.0,323.0,93.0,40.0,32.0,57.0,9.51
198,6,Jaylen Wells,https://hashtagbasketball.com/120079/player,"SG,SF",MEM,69,1820.6,0.431,301.0,698.0,0.784,134.0,171.0,129.0,865.0,220.0,111.0,60.0,9.0,74.0,9.47
199,3,Tyler Herro,https://hashtagbasketball.com/17295/player,"PG,SG",MIA,33,1032.7,0.480,247.0,515.0,0.917,99.0,108.0,84.0,677.0,158.0,136.0,23.0,12.0,64.0,9.45
200,,Jalen Smith,https://hashtagbasketball.com/27683/player,"PF,C",CHI,53,1095.4,0.483,195.0,404.0,0.742,69.0,93.0,82.0,541.0,355.0,65.0,24.0,42.0,53.0,9.43
201,6,Jaxson Hayes,https://hashtagbasketball.com/17194/player,C,LAL,66,1206.6,0.756,198.0,262.0,0.653,98.0,150.0,3.0,497.0,271.0,59.0,29.0,52.0,31.0,9.42
202,5,Sam Merrill,https://hashtagbasketball.com/27691/player,"SG,SF",CLE,52,1377.1,0.461,223.0,484.0,0.855,59.0,69.0,158.0,663.0,133.0,125.0,33.0,7.0,42.0,9.39
203,,Adem Bona,https://hashtagbasketball.com/120043/player,C,PHI,71,1234.2,0.595,131.0,220.0,0.708,80.0,113.0,2.0,344.0,307.0,32.0,30.0,82.0,56.0,9.39
204,4,Jonas Valanciunas,https://hashtagbasketball.com/9491/player,C,DEN,65,866.1,0.582,227.0,390.0,0.772,105.0,136.0,8.0,567.0,329.0,78.0,14.0,37.0,73.0,9.36
205,6,John Konchar,https://hashtagbasketball.com/17308/player,"SG,SF",UTA,56,1114.3,0.472,94.0,199.0,0.727,32.0,44.0,28.0,248.0,240.0,118.0,83.0,38.0,35.0,9.35
206,5,Ja'Kobe Walter,https://hashtagbasketball.com/120012/player,"PG,SG",TOR,72,1473.6,0.446,180.0,404.0,0.789,71.0,90.0,110.0,541.0,185.0,86.0,73.0,14.0,37.0,9.34
207,1,Andre Drummond,https://hashtagbasketball.com/9202/player,C,PHI,63,1230.8,0.472,159.0,337.0,0.631,53.0,84.0,32.0,403.0,532.0,80.0,39.0,49.0,61.0,9.32
208,5,GG Jackson II,https://hashtagbasketball.com/111241/player,"SF,PF,C",MEM,55,1177.7,0.496,255.0,514.0,0.742,112.0,151.0,64.0,686.0,235.0,81.0,31.0,44.0,85.0,9.30
209,10,Walter Clayton Jr.,https://hashtagbasketball.com/120227/player,"PG,SG",MEM,69,1410.5,0.384,177.0,461.0,0.901,109.0,121.0,75.0,538.0,139.0,279.0,44.0,19.0,116.0,9.30
210,3,Yves Missi,https://hashtagbasketball.com/120029/player,C,NO,66,1297.0,0.544,160.0,294.0,0.559,57.0,102.0,0.0,377.0,385.0,84.0,20.0,100.0,54.0,9.28
211,2,Ziaire Williams,https://hashtagbasketball.com/31039/player,"SG,SF",BKN,56,1281.3,0.425,184.0,433.0,0.850,119.0,140.0,86.0,573.0,134.0,60.0,76.0,21.0,59.0,9.25
212,7,Derrick Jones Jr.,https://hashtagbasketball.com/10146/player,"SF,PF",LAC,50,1349.5,0.499,189.0,379.0,0.763,71.0,93.0,55.0,504.0,173.0,69.0,45.0,50.0,40.0,9.25
213,2,Bones Hyland,https://hashtagbasketball.com/31055/player,"PG,SG",MIN,71,1176.9,0.453,212.0,468.0,0.780,64.0,82.0,116.0,604.0,127.0,188.0,44.0,17.0,70.0,9.24
214,7,Nique Clifford,https://hashtagbasketball.com/120226/player,"SG,SF",SAC,75,1881.9,0.418,249.0,596.0,0.722,70.0,97.0,77.0,645.0,282.0,179.0,68.0,24.0,116.0,9.23
215,1,Zach LaVine,https://hashtagbasketball.com/9343/player,"PG,SG,SF",SAC,39,1224.3,0.479,262.0,547.0,0.880,125.0,142.0,99.0,748.0,108.0,89.0,28.0,10.0,74.0,9.21
216,,Herbert Jones,https://hashtagbasketball.com/31064/player,"SG,SF,PF",NO,56,1588.4,0.383,183.0,478.0,0.806,50.0,62.0,80.0,496.0,191.0,155.0,88.0,27.0,73.0,9.20
217,,Anfernee Simons,https://hashtagbasketball.com/15221/player,"PG,SG",CHI,55,1372.0,0.440,285.0,648.0,0.896,69.0,77.0,146.0,785.0,135.0,134.0,27.0,8.0,69.0,9.11
218,3,Will Richard,https://hashtagbasketball.com/120263/player,"SG,SF",GS,69,1376.8,0.470,162.0,345.0,0.852,46.0,54.0,71.0,441.0,172.0,93.0,80.0,9.0,53.0,9.11
219,1,Jose Alvarado,https://hashtagbasketball.com/35219/player,PG,NY,69,1370.2,0.416,187.0,449.0,0.761,35.0,46.0,101.0,510.0,171.0,234.0,66.0,8.0,77.0,9.09
220,8,Karlo Matkovic,https://hashtagbasketball.com/120096/player,"PF,C",NO,62,911.7,0.604,142.0,235.0,0.732,30.0,41.0,38.0,352.0,229.0,50.0,25.0,54.0,34.0,9.07
221,3,Zaccharie Risacher,https://hashtagbasketball.com/120005/player,"SF,PF",ATL,67,1503.3,0.455,244.0,536.0,0.644,58.0,90.0,95.0,641.0,257.0,76.0,60.0,35.0,58.0,9.05
222,1,Will Riley,https://hashtagbasketball.com/120220/player,"SF,PF",WAS,74,1632.5,0.439,271.0,618.0,0.800,144.0,180.0,78.0,764.0,212.0,146.0,54.0,10.0,94.0,9.01
223,9,Khris Middleton,https://hashtagbasketball.com/9334/player,"SF,PF",DAL,63,1439.1,0.420,227.0,540.0,0.875,119.0,136.0,67.0,640.0,232.0,176.0,41.0,9.0,108.0,8.95
224,5,Aaron Wiggins,https://hashtagbasketball.com/31084/player,"SG,SF",OKC,65,1414.0,0.431,231.0,536.0,0.736,53.0,72.0,96.0,611.0,199.0,109.0,59.0,28.0,81.0,8.87
225,1,Jordan Miller,https://hashtagbasketball.com/111244/player,"SG,SF",LAC,60,1324.7,0.531,212.0,399.0,0.777,136.0,175.0,38.0,598.0,182.0,136.0,45.0,11.0,63.0,8.82
226,8,De'Anthony Melton,https://hashtagbasketball.com/15316/player,"PG,SG",GS,49,1125.3,0.406,215.0,529.0,0.826,100.0,121.0,72.0,602.0,158.0,125.0,76.0,20.0,91.0,8.82
227,5,Isaac Okoro,https://hashtagbasketball.com/27637/player,"SF,PF",CHI,63,1694.8,0.461,211.0,458.0,0.795,89.0,112.0,73.0,584.0,173.0,100.0,45.0,29.0,46.0,8.81
228,1,Sion James,https://hashtagbasketball.com/120246/player,"SG,SF",CHA,82,1843.2,0.371,138.0,372.0,0.837,82.0,98.0,83.0,441.0,287.0,163.0,52.0,20.0,66.0,8.81
229,4,Al Horford,https://hashtagbasketball.com/9082/player,"PF,C",GS,45,969.2,0.425,138.0,325.0,0.846,22.0,26.0,74.0,372.0,219.0,116.0,30.0,51.0,42.0,8.76
230,2,Luguentz Dort,https://hashtagbasketball.com/17255/player,"SG,SF",OKC,69,1848.7,0.385,202.0,524.0,0.759,44.0,58.0,128.0,576.0,244.0,85.0,63.0,27.0,54.0,8.75
231,7,Jordan Walsh,https://hashtagbasketball.com/111234/player,"SG,SF,PF",BOS,68,1212.0,0.509,136.0,267.0,0.772,44.0,57.0,48.0,364.0,272.0,54.0,49.0,31.0,35.0,8.74
232,2,Baylor Scheierman,https://hashtagbasketball.com/120052/player,SF,BOS,77,1429.3,0.453,151.0,333.0,0.903,28.0,31.0,97.0,427.0,269.0,116.0,42.0,6.0,46.0,8.69
233,,Quinten Post,https://hashtagbasketball.com/120068/player,C,GS,67,1159.2,0.440,193.0,439.0,0.791,34.0,43.0,93.0,513.0,268.0,94.0,26.0,35.0,56.0,8.68
234,3,Vít Krejcí,https://hashtagbasketball.com/111260/player,"SG,SF",POR,65,1392.1,0.447,192.0,430.0,0.745,38.0,51.0,128.0,550.0,148.0,100.0,47.0,19.0,41.0,8.67
235,3,Egor Demin,https://hashtagbasketball.com/120218/player,"PG,SG",BKN,52,1308.2,0.399,179.0,449.0,0.831,54.0,65.0,124.0,536.0,165.0,173.0,42.0,18.0,86.0,8.64
236,,Craig Porter Jr.,https://hashtagbasketball.com/111258/player,"PG,SG",CLE,64,1147.7,0.450,116.0,258.0,0.600,24.0,40.0,33.0,289.0,220.0,205.0,57.0,38.0,59.0,8.62
237,2,Santi Aldama,https://hashtagbasketball.com/31059/player,"PF,C",MEM,43,1198.1,0.479,228.0,476.0,0.667,76.0,114.0,70.0,602.0,287.0,125.0,37.0,31.0,55.0,8.62
238,1,Franz Wagner,https://hashtagbasketball.com/31037/player,"SF,PF",ORL,34,1019.0,0.481,244.0,507.0,0.823,163.0,198.0,48.0,699.0,177.0,113.0,32.0,11.0,58.0,8.59
239,3,Klay Thompson,https://hashtagbasketball.com/9221/player,"SG,SF",DAL,69,1496.8,0.393,286.0,728.0,0.766,36.0,47.0,202.0,810.0,143.0,96.0,33.0,22.0,63.0,8.56
240,1,Tre Johnson,https://hashtagbasketball.com/120212/player,"PG,SG,SF",WAS,60,1442.8,0.419,271.0,647.0,0.865,77.0,89.0,115.0,734.0,170.0,122.0,33.0,18.0,93.0,8.55
241,13,Jusuf Nurkic,https://hashtagbasketball.com/9192/player,C,UTA,41,1083.1,0.503,180.0,358.0,0.549,62.0,113.0,25.0,447.0,425.0,196.0,52.0,22.0,101.0,8.44
242,1,Isaiah Jackson,https://hashtagbasketball.com/31051/player,C,LAC,55,908.3,0.637,151.0,237.0,0.648,68.0,105.0,0.0,370.0,290.0,52.0,37.0,49.0,58.0,8.36
243,3,Simone Fontecchio,https://hashtagbasketball.com/43375/player,"SF,PF",MIA,70,1172.5,0.412,194.0,471.0,0.843,86.0,102.0,123.0,597.0,211.0,101.0,37.0,9.0,49.0,8.36
244,,Jalen Williams,https://hashtagbasketball.com/38949/player,"SF,PF",OKC,33,936.0,0.484,216.0,446.0,0.837,108.0,129.0,23.0,563.0,152.0,181.0,39.0,9.0,63.0,8.36
245,,Terance Mann,https://hashtagbasketball.com/17224/player,"SG,SF",BKN,63,1529.0,0.458,168.0,367.0,0.788,63.0,80.0,56.0,455.0,200.0,190.0,41.0,15.0,71.0,8.36
246,7,Micah Potter,https://hashtagbasketball.com/36073/player,"PF,C",IND,47,908.3,0.515,151.0,293.0,0.842,85.0,101.0,71.0,458.0,233.0,69.0,22.0,15.0,47.0,8.35
247,4,Kobe Sanders,https://hashtagbasketball.com/120257/player,"SG,SF",LAC,68,1352.9,0.466,179.0,384.0,0.826,57.0,69.0,80.0,495.0,153.0,109.0,49.0,10.0,81.0,8.30
248,4,Jericho Sims,https://hashtagbasketball.com/31087/player,C,MIL,67,1317.5,0.784,145.0,185.0,0.620,44.0,71.0,0.0,334.0,370.0,104.0,19.0,17.0,75.0,8.23
249,,Olivier-Maxence Prosper,https://hashtagbasketball.com/111220/player,"PF,C",MEM,53,983.6,0.549,192.0,350.0,0.754,86.0,114.0,60.0,530.0,187.0,51.0,40.0,13.0,47.0,8.20
250,4,Dylan Cardwell,https://hashtagbasketball.com/120282/player,"PF,C",SAC,44,906.5,0.583,105.0,180.0,0.510,26.0,51.0,2.0,238.0,331.0,62.0,30.0,67.0,39.0,8.19
251,3,Christian Braun,https://hashtagbasketball.com/38570/player,"SG,SF,PF",DEN,44,1399.1,0.519,202.0,389.0,0.782,79.0,101.0,43.0,526.0,211.0,120.0,30.0,12.0,43.0,8.18
252,5,Mouhamed Gueye,https://hashtagbasketball.com/111235/player,"PF,C",ATL,77,1178.8,0.452,131.0,290.0,0.645,40.0,62.0,40.0,342.0,275.0,69.0,61.0,39.0,34.0,8.14
253,3,Kristaps Porzingis,https://hashtagbasketball.com/9373/player,"PF,C",GS,32,769.0,0.446,173.0,388.0,0.841,132.0,157.0,54.0,532.0,167.0,81.0,18.0,38.0,41.0,8.12
254,1,Ryan Dunn,https://hashtagbasketball.com/120019/player,"SF,PF",PHO,70,1355.3,0.453,164.0,362.0,0.489,23.0,47.0,56.0,407.0,297.0,103.0,60.0,29.0,56.0,8.05
255,1,Alex Caruso,https://hashtagbasketball.com/13860/player,"SG,SF",OKC,56,1020.3,0.422,127.0,301.0,0.804,41.0,51.0,53.0,348.0,156.0,110.0,72.0,17.0,48.0,7.93
256,1,Aaron Nesmith,https://hashtagbasketball.com/27883/player,"SG,SF",IND,45,1334.9,0.415,212.0,511.0,0.829,92.0,111.0,105.0,621.0,187.0,86.0,26.0,23.0,63.0,7.92
257,3,Danny Wolf,https://hashtagbasketball.com/120221/player,"PF,C",BKN,57,1187.2,0.405,178.0,440.0,0.771,84.0,109.0,68.0,508.0,281.0,127.0,30.0,32.0,73.0,7.88
258,4,Cody Williams,https://hashtagbasketball.com/120006/player,"SG,SF",UTA,67,1630.2,0.468,238.0,509.0,0.706,84.0,119.0,28.0,588.0,198.0,137.0,51.0,26.0,73.0,7.84
259,4,Dean Wade,https://hashtagbasketball.com/17274/player,"SF,PF",CLE,59,1317.7,0.439,122.0,278.0,0.711,27.0,38.0,71.0,342.0,247.0,88.0,44.0,23.0,16.0,7.80
260,2,Clint Capela,https://hashtagbasketball.com/9237/player,C,HOU,75,925.7,0.520,118.0,227.0,0.577,45.0,78.0,1.0,282.0,346.0,50.0,36.0,63.0,41.0,7.78
261,2,Josh Minott,https://hashtagbasketball.com/38847/player,"SF,PF",BKN,49,833.7,0.498,126.0,253.0,0.787,48.0,61.0,64.0,364.0,158.0,46.0,44.0,24.0,42.0,7.76
262,1,Taylor Hendricks,https://hashtagbasketball.com/111207/player,"SF,PF,C",MEM,59,1118.5,0.459,163.0,355.0,0.681,49.0,72.0,63.0,438.0,221.0,55.0,50.0,30.0,50.0,7.73
263,2,Pat Spencer,https://hashtagbasketball.com/120100/player,"PG,SG",GS,66,1228.9,0.427,186.0,436.0,0.772,44.0,57.0,60.0,476.0,158.0,232.0,47.0,5.0,85.0,7.71
264,3,Spencer Jones,https://hashtagbasketball.com/120146/player,"SG,SF",DEN,64,1422.1,0.504,132.0,262.0,0.608,31.0,51.0,57.0,352.0,209.0,51.0,51.0,29.0,31.0,7.69
265,3,Caris LeVert,https://hashtagbasketball.com/9659/player,"SG,SF",DET,60,1154.4,0.417,163.0,391.0,0.679,57.0,84.0,60.0,443.0,117.0,159.0,51.0,41.0,82.0,7.63
266,2,Nicolas Batum,https://hashtagbasketball.com/9133/player,"SF,PF",LAC,74,1294.5,0.403,96.0,238.0,0.818,9.0,11.0,92.0,293.0,184.0,64.0,47.0,23.0,37.0,7.55
267,4,De'Andre Hunter,https://hashtagbasketball.com/17190/player,"SF,PF",SAC,45,1175.5,0.415,208.0,501.0,0.867,124.0,143.0,75.0,615.0,185.0,90.0,31.0,6.0,75.0,7.53
268,1,Javon Small,https://hashtagbasketball.com/120256/player,"PG,SG",MEM,41,829.8,0.465,134.0,288.0,0.829,68.0,82.0,60.0,396.0,128.0,151.0,34.0,9.0,56.0,7.48
269,3,Aaron Gordon,https://hashtagbasketball.com/9406/player,"PF,C",DEN,36,994.0,0.497,198.0,398.0,0.767,125.0,163.0,61.0,582.0,209.0,96.0,21.0,9.0,38.0,7.46
270,3,Nae'Qwan Tomlin,https://hashtagbasketball.com/120199/player,PF,CLE,64,1003.7,0.478,150.0,314.0,0.770,47.0,61.0,27.0,374.0,186.0,53.0,41.0,34.0,29.0,7.42
271,1,Svi Mykhailiuk,https://hashtagbasketball.com/15353/player,"SG,SF",UTA,50,1155.6,0.478,173.0,362.0,0.893,25.0,28.0,98.0,469.0,125.0,93.0,26.0,3.0,42.0,7.37
272,1,Kentavious Caldwell-Pope,https://hashtagbasketball.com/9203/player,"SG,SF",MEM,51,1087.6,0.410,150.0,366.0,0.913,73.0,80.0,55.0,428.0,125.0,140.0,43.0,8.0,61.0,7.37
273,3,Anthony Gill,https://hashtagbasketball.com/27720/player,PF,WAS,55,951.0,0.628,135.0,215.0,0.739,34.0,46.0,17.0,321.0,158.0,69.0,31.0,21.0,36.0,7.36
274,,Ben Sheppard,https://hashtagbasketball.com/111222/player,"SG,SF",IND,65,1390.5,0.434,168.0,387.0,0.765,39.0,51.0,84.0,459.0,195.0,114.0,39.0,6.0,41.0,7.28
275,1,Jordan Clarkson,https://hashtagbasketball.com/9283/player,"PG,SG",NY,72,1279.5,0.451,237.0,526.0,0.830,78.0,94.0,70.0,622.0,127.0,96.0,30.0,9.0,63.0,7.26
276,2,Jared McCain,https://hashtagbasketball.com/120009/player,"PG,SG",OKC,67,1159.7,0.425,204.0,480.0,0.864,51.0,59.0,99.0,558.0,137.0,90.0,35.0,5.0,56.0,7.21
277,2,Justin Edwards,https://hashtagbasketball.com/120032/player,"SF,PF",PHI,64,977.0,0.447,143.0,320.0,0.846,33.0,39.0,67.0,386.0,94.0,80.0,54.0,11.0,36.0,7.18
278,5,Tristan Vukcevic,https://hashtagbasketball.com/111238/player,"PF,C",WAS,49,671.0,0.479,152.0,317.0,0.784,87.0,111.0,50.0,441.0,147.0,55.0,23.0,32.0,62.0,7.16
279,,Kasparas Jakucionis,https://hashtagbasketball.com/120215/player,PG,MIA,53,944.6,0.429,102.0,238.0,0.879,58.0,66.0,66.0,328.0,139.0,137.0,33.0,7.0,50.0,7.15
280,6,Patrick Williams,https://hashtagbasketball.com/27627/player,PF,CHI,72,1473.8,0.372,178.0,478.0,0.720,54.0,75.0,95.0,505.0,215.0,105.0,48.0,26.0,75.0,7.13
281,,Kris Murray,https://hashtagbasketball.com/111219/player,"SF,PF",POR,57,1333.2,0.467,129.0,276.0,0.684,39.0,57.0,34.0,331.0,206.0,81.0,51.0,22.0,47.0,7.11
282,5,Thomas Bryant,https://hashtagbasketball.com/13856/player,C,CLE,60,731.8,0.506,135.0,267.0,0.803,53.0,66.0,47.0,370.0,205.0,33.0,18.0,27.0,28.0,7.10
283,9,Nolan Traoré,https://hashtagbasketball.com/120231/player,PG,BKN,56,1243.4,0.380,182.0,479.0,0.787,74.0,94.0,61.0,499.0,99.0,213.0,45.0,23.0,129.0,7.09
284,,Jarred Vanderbilt,https://hashtagbasketball.com/15288/player,"PF,C",LAL,65,1127.7,0.471,113.0,240.0,0.589,33.0,56.0,29.0,288.0,292.0,84.0,55.0,19.0,56.0,7.08
285,3,Jamir Watkins,https://hashtagbasketball.com/120252/player,"SG,SF",WAS,50,1032.2,0.446,132.0,296.0,0.695,57.0,82.0,47.0,368.0,194.0,67.0,54.0,25.0,40.0,7.07
286,6,Miles McBride,https://hashtagbasketball.com/31065/player,"PG,SG",NY,41,1080.1,0.423,171.0,404.0,0.787,37.0,47.0,112.0,491.0,99.0,106.0,35.0,9.0,33.0,7.07
287,2,Ryan Nembhard,https://hashtagbasketball.com/120280/player,PG,DAL,60,1170.9,0.415,162.0,390.0,0.806,25.0,31.0,48.0,397.0,134.0,316.0,25.0,2.0,85.0,7.05
288,1,Quenton Jackson,https://hashtagbasketball.com/120098/player,"PG,SG",IND,49,897.4,0.470,154.0,328.0,0.824,98.0,119.0,42.0,448.0,114.0,140.0,31.0,6.0,62.0,7.04
289,4,Kyle Anderson,https://hashtagbasketball.com/9475/player,"PF,C",MIN,43,853.2,0.530,107.0,202.0,0.706,48.0,68.0,4.0,266.0,150.0,126.0,45.0,26.0,39.0,6.99
290,2,Corey Kispert,https://hashtagbasketball.com/31044/player,"SF,PF",ATL,58,1079.6,0.467,184.0,394.0,0.794,77.0,97.0,87.0,532.0,132.0,92.0,16.0,9.0,45.0,6.96
291,1,Anthony Davis,https://hashtagbasketball.com/9354/player,"PF,C",WAS,20,625.6,0.506,169.0,334.0,0.728,59.0,81.0,10.0,407.0,221.0,56.0,22.0,33.0,41.0,6.84
292,1,Gradey Dick,https://hashtagbasketball.com/111209/player,"SG,SF",TOR,76,1066.8,0.420,161.0,383.0,0.875,77.0,88.0,56.0,455.0,147.0,51.0,45.0,7.0,43.0,6.80
293,1,Trendon Watford,https://hashtagbasketball.com/31122/player,"PF,C",PHI,53,863.7,0.515,138.0,268.0,0.779,60.0,77.0,10.0,346.0,174.0,132.0,16.0,22.0,64.0,6.75
294,1,Hugo González,https://hashtagbasketball.com/120232/player,SF,BOS,74,1083.9,0.476,117.0,246.0,0.500,13.0,26.0,42.0,289.0,246.0,40.0,42.0,21.0,38.0,6.65
295,,Chaney Johnson,https://hashtagbasketball.com/120291/player,PF,BKN,34,695.2,0.543,102.0,188.0,0.800,56.0,70.0,18.0,278.0,158.0,72.0,30.0,18.0,40.0,6.64
296,1,Chaney Johnson,https://hashtagbasketball.com/120291/player,PF,BKN,34,695.2,0.543,102.0,188.0,0.800,56.0,70.0,18.0,278.0,158.0,72.0,30.0,18.0,40.0,6.64
295,1,Chaney Johnson,https://hashtagbasketball.com/120291/player,PF,BKN,34,695.2,0.543,102.0,188.0,0.800,56.0,70.0,18.0,278.0,158.0,72.0,30.0,18.0,40.0,6.64
296,,Chaney Johnson,https://hashtagbasketball.com/120291/player,PF,BKN,34,695.2,0.543,102.0,188.0,0.800,56.0,70.0,18.0,278.0,158.0,72.0,30.0,18.0,40.0,6.64
297,3,Drake Powell,https://hashtagbasketball.com/120228/player,SG,BKN,63,1319.5,0.402,144.0,358.0,0.896,69.0,77.0,51.0,408.0,111.0,91.0,36.0,14.0,60.0,6.56
298,1,Kobe Brown,https://hashtagbasketball.com/111226/player,"PF,C",IND,61,962.4,0.469,127.0,271.0,0.797,47.0,59.0,52.0,353.0,185.0,80.0,23.0,12.0,53.0,6.55
299,1,Buddy Hield,https://hashtagbasketball.com/10136/player,"SG,SF",ATL,51,819.3,0.437,143.0,327.0,0.811,30.0,37.0,74.0,390.0,116.0,71.0,39.0,9.0,48.0,6.54
300,2,Ousmane Dieng,https://hashtagbasketball.com/39834/player,"SF,PF,C",MIL,57,1099.2,0.422,168.0,398.0,0.711,32.0,45.0,63.0,431.0,180.0,136.0,25.0,17.0,75.0,6.54
301,4,Josh Okogie,https://hashtagbasketball.com/15217/player,"SG,SF",HOU,78,1353.8,0.424,125.0,295.0,0.594,41.0,69.0,62.0,353.0,200.0,69.0,63.0,16.0,41.0,6.53
302,1,Sidy Cissoko,https://hashtagbasketball.com/111240/player,"SF,PF",POR,75,1435.0,0.398,133.0,334.0,0.659,58.0,88.0,59.0,383.0,166.0,110.0,52.0,25.0,70.0,6.46
303,1,Jordan Poole,https://hashtagbasketball.com/17329/player,"PG,SG",NO,39,933.2,0.372,165.0,444.0,0.860,98.0,114.0,96.0,524.0,77.0,119.0,22.0,15.0,69.0,6.43
304,3,Leonard Miller,https://hashtagbasketball.com/111229/player,"SF,PF",CHI,46,718.7,0.553,145.0,262.0,0.736,39.0,53.0,32.0,361.0,181.0,40.0,17.0,15.0,36.0,6.38
305,,Dwight Powell,https://hashtagbasketball.com/9177/player,C,DAL,63,904.4,0.644,65.0,101.0,0.696,78.0,112.0,2.0,210.0,257.0,68.0,34.0,21.0,41.0,6.28
306,3,Rayan Rupert,https://hashtagbasketball.com/111239/player,"PG,SG",MEM,64,1073.8,0.393,123.0,313.0,0.778,42.0,54.0,44.0,332.0,188.0,68.0,56.0,9.0,55.0,6.25
307,1,Landry Shamet,https://hashtagbasketball.com/15223/player,"SG,SF",NY,51,1171.1,0.437,159.0,364.0,0.711,54.0,76.0,103.0,475.0,92.0,72.0,31.0,9.0,30.0,6.22
308,,Guerschon Yabusele,https://hashtagbasketball.com/120149/player,"PF,C",CHI,67,1007.1,0.401,125.0,312.0,0.750,54.0,72.0,69.0,373.0,234.0,63.0,26.0,16.0,41.0,6.21
309,2,Mike Conley,https://hashtagbasketball.com/9296/player,PG,MIN,54,994.8,0.335,72.0,215.0,0.900,45.0,50.0,56.0,245.0,93.0,155.0,34.0,14.0,34.0,6.20
310,2,Scoot Henderson,https://hashtagbasketball.com/111203/player,PG,POR,30,747.8,0.418,143.0,342.0,0.840,84.0,100.0,57.0,427.0,80.0,112.0,27.0,9.0,73.0,6.19
311,1,Julian Strawther,https://hashtagbasketball.com/111225/player,"SG,SF",DEN,57,860.7,0.467,149.0,319.0,0.814,57.0,70.0,58.0,413.0,114.0,61.0,25.0,6.0,36.0,6.12
312,1,Jevon Carter,https://hashtagbasketball.com/15293/player,"PG,SG",ORL,53,867.4,0.401,123.0,307.0,0.789,15.0,19.0,78.0,339.0,89.0,87.0,40.0,10.0,36.0,6.05
313,4,Ja Morant,https://hashtagbasketball.com/17189/player,PG,MEM,20,568.5,0.410,132.0,322.0,0.897,105.0,117.0,20.0,389.0,65.0,161.0,20.0,6.0,71.0,6.03
314,1,Sharife Cooper,https://hashtagbasketball.com/120343/player,PG,WAS,41,700.0,0.514,127.0,247.0,0.833,50.0,60.0,29.0,333.0,86.0,124.0,16.0,5.0,61.0,6.00
315,4,Vince Williams Jr.,https://hashtagbasketball.com/38953/player,"PG,SG,SF",UTA,40,819.4,0.353,103.0,292.0,0.780,39.0,50.0,55.0,300.0,155.0,166.0,29.0,16.0,70.0,5.98
316,3,Matisse Thybulle,https://hashtagbasketball.com/17275/player,"SG,SF",POR,30,479.7,0.433,58.0,134.0,0.840,21.0,25.0,37.0,174.0,59.0,27.0,60.0,16.0,28.0,5.97
317,3,Jalen Green,https://hashtagbasketball.com/31031/player,"PG,SG,SF",PHO,32,828.3,0.422,216.0,512.0,0.747,65.0,87.0,71.0,568.0,116.0,91.0,34.0,8.0,72.0,5.96
318,4,Josh Green,https://hashtagbasketball.com/27652/player,"SG,SF",CHA,58,908.0,0.459,83.0,181.0,0.893,25.0,28.0,58.0,249.0,103.0,47.0,35.0,6.0,36.0,5.94
319,1,Kenrich Williams,https://hashtagbasketball.com/15309/player,PF,OKC,56,855.2,0.473,140.0,296.0,0.635,33.0,52.0,50.0,363.0,187.0,79.0,31.0,5.0,43.0,5.86
320,4,Keegan Murray,https://hashtagbasketball.com/38942/player,"SF,PF",SAC,23,793.1,0.420,126.0,300.0,0.776,38.0,49.0,31.0,321.0,133.0,38.0,24.0,37.0,27.0,5.84
321,7,Rob Dillingham,https://hashtagbasketball.com/120007/player,PG,CHI,65,969.9,0.396,163.0,412.0,0.745,41.0,55.0,42.0,409.0,131.0,143.0,47.0,6.0,100.0,5.84
322,1,Gary Trent Jr.,https://hashtagbasketball.com/15355/player,"SG,SF",MIL,65,1377.4,0.387,183.0,473.0,0.769,40.0,52.0,123.0,529.0,67.0,79.0,34.0,3.0,41.0,5.78
323,3,Jonathan Kuminga,https://hashtagbasketball.com/31036/player,"SF,PF",ATL,36,830.5,0.463,157.0,339.0,0.724,89.0,123.0,35.0,438.0,202.0,83.0,22.0,11.0,67.0,5.76
324,2,Grant Williams,https://hashtagbasketball.com/17270/player,"PF,C",CHA,36,711.4,0.426,78.0,183.0,0.815,44.0,54.0,52.0,252.0,142.0,56.0,17.0,18.0,31.0,5.70
325,9,Ben Saraf,https://hashtagbasketball.com/120233/player,SG,BKN,44,916.3,0.396,120.0,303.0,0.830,73.0,88.0,19.0,332.0,92.0,145.0,38.0,8.0,99.0,5.69
326,1,Jaden Ivey,https://hashtagbasketball.com/38635/player,"PG,SG",CHI,37,670.2,0.445,114.0,256.0,0.809,38.0,47.0,50.0,316.0,91.0,68.0,23.0,14.0,41.0,5.66
327,3,Ochai Agbaji,https://hashtagbasketball.com/38571/player,"SG,SF",BKN,62,973.2,0.436,122.0,280.0,0.837,36.0,43.0,34.0,314.0,141.0,47.0,24.0,17.0,31.0,5.63
328,1,Tyler Kolek,https://hashtagbasketball.com/120026/player,PG,NY,62,727.2,0.435,108.0,248.0,0.700,14.0,20.0,44.0,274.0,98.0,170.0,23.0,4.0,55.0,5.61
329,6,Bryce McGowens,https://hashtagbasketball.com/38956/player,"PG,SG",NO,42,879.9,0.481,114.0,237.0,0.779,74.0,95.0,38.0,340.0,88.0,62.0,27.0,9.0,17.0,5.60
330,3,Kevin Love,https://hashtagbasketball.com/9161/player,"PF,C",UTA,37,612.8,0.397,79.0,199.0,0.841,37.0,44.0,53.0,248.0,215.0,67.0,14.0,9.0,30.0,5.59
331,1,Domantas Sabonis,https://hashtagbasketball.com/10113/player,"PF,C",SAC,19,563.6,0.543,120.0,221.0,0.727,56.0,77.0,5.0,301.0,216.0,78.0,18.0,4.0,51.0,5.55
332,1,Caleb Love,https://hashtagbasketball.com/120266/player,"PG,SG",POR,49,1012.6,0.388,190.0,490.0,0.735,36.0,49.0,93.0,509.0,114.0,123.0,28.0,4.0,63.0,5.54
333,2,Jayson Tatum,https://hashtagbasketball.com/13730/player,"SF,PF",BOS,16,521.8,0.411,118.0,287.0,0.823,65.0,79.0,47.0,348.0,160.0,85.0,22.0,3.0,39.0,5.51
334,4,Daeqwon Plowden,https://hashtagbasketball.com/120099/player,"SF,PF",SAC,32,844.4,0.430,120.0,279.0,0.857,42.0,49.0,62.0,344.0,97.0,41.0,23.0,7.0,26.0,5.47
335,5,Jaden Hardy,https://hashtagbasketball.com/39838/player,"PG,SG",WAS,57,898.1,0.424,182.0,429.0,0.733,55.0,75.0,104.0,523.0,86.0,58.0,16.0,6.0,62.0,5.43
336,1,Carter Bryant,https://hashtagbasketball.com/120222/player,SF,SA,71,817.8,0.408,108.0,265.0,0.714,30.0,42.0,52.0,298.0,178.0,47.0,16.0,23.0,33.0,5.39
337,1,Pete Nance,https://hashtagbasketball.com/120193/player,PF,MIL,47,737.1,0.515,100.0,194.0,0.364,4.0,11.0,50.0,254.0,125.0,48.0,14.0,14.0,26.0,5.35
338,1,Obi Toppin,https://hashtagbasketball.com/27591/player,PF,IND,24,423.7,0.503,100.0,199.0,0.913,42.0,46.0,37.0,279.0,106.0,55.0,12.0,1.0,28.0,5.35
339,1,Ty Jerome,https://hashtagbasketball.com/17304/player,"PG,SG",MEM,15,338.6,0.477,102.0,214.0,0.875,49.0,56.0,43.0,296.0,42.0,85.0,16.0,4.0,27.0,5.34
340,4,Lonzo Ball,https://hashtagbasketball.com/13728/player,"PG,SG",UTA,35,727.7,0.301,53.0,176.0,0.667,14.0,21.0,40.0,160.0,140.0,136.0,45.0,9.0,52.0,5.31
341,1,Noah Penda,https://hashtagbasketball.com/120242/player,SF,ORL,59,757.3,0.404,82.0,203.0,0.688,33.0,48.0,30.0,227.0,187.0,70.0,30.0,17.0,42.0,5.31
342,3,Jabari Walker,https://hashtagbasketball.com/38959/player,"PF,C",PHI,64,761.7,0.455,97.0,213.0,0.735,50.0,68.0,32.0,276.0,191.0,34.0,23.0,13.0,27.0,5.30
343,2,Aaron Holiday,https://hashtagbasketball.com/15220/player,"PG,SG",HOU,57,780.8,0.417,105.0,252.0,0.854,35.0,41.0,67.0,312.0,58.0,60.0,28.0,4.0,38.0,5.30
344,1,Branden Carlson,https://hashtagbasketball.com/120119/player,C,OKC,42,488.2,0.527,98.0,186.0,0.577,15.0,26.0,31.0,242.0,124.0,29.0,8.0,27.0,16.0,5.18
345,1,Jamaree Bouyea,https://hashtagbasketball.com/53703/player,PG,PHO,46,644.1,0.458,108.0,236.0,0.686,24.0,35.0,23.0,263.0,82.0,82.0,29.0,16.0,30.0,5.17
346,1,Dejounte Murray,https://hashtagbasketball.com/10165/player,"PG,SG",NO,14,389.4,0.484,88.0,182.0,0.867,39.0,45.0,19.0,234.0,75.0,89.0,23.0,3.0,47.0,5.15
347,2,Jett Howard,https://hashtagbasketball.com/111208/player,SF,ORL,55,695.3,0.420,105.0,250.0,0.949,37.0,39.0,54.0,301.0,86.0,45.0,10.0,11.0,15.0,5.12
348,3,Caleb Martin,https://hashtagbasketball.com/17312/player,"SF,PF",DAL,58,856.2,0.450,85.0,189.0,0.607,37.0,61.0,20.0,227.0,143.0,81.0,40.0,15.0,40.0,5.08
349,,Jalen Pickett,https://hashtagbasketball.com/111228/player,"PG,SG",DEN,50,806.5,0.422,98.0,232.0,0.789,15.0,19.0,49.0,260.0,114.0,115.0,13.0,5.0,35.0,5.07
350,9,Cam Thomas,https://hashtagbasketball.com/31056/player,"SG,SF",MIL,42,880.5,0.410,189.0,461.0,0.810,136.0,168.0,52.0,566.0,71.0,108.0,9.0,4.0,74.0,5.05
351,3,Zeke Nnaji,https://hashtagbasketball.com/27706/player,"PF,C",DEN,52,626.0,0.470,71.0,151.0,0.773,34.0,44.0,14.0,190.0,136.0,29.0,17.0,24.0,27.0,5.04
352,2,Tyus Jones,https://hashtagbasketball.com/9347/player,PG,DEN,67,978.6,0.349,76.0,218.0,0.778,7.0,9.0,40.0,199.0,76.0,159.0,37.0,3.0,25.0,5.02
353,4,Devin Carter,https://hashtagbasketball.com/120013/player,"PG,SG",SAC,38,699.9,0.416,121.0,291.0,0.713,67.0,94.0,30.0,339.0,125.0,101.0,34.0,9.0,54.0,5.00
354,2,Jaylen Clark,https://hashtagbasketball.com/111249/player,"SG,SF",MIN,68,900.2,0.436,99.0,227.0,0.657,44.0,67.0,33.0,275.0,120.0,43.0,47.0,9.0,23.0,4.99
355,1,Taurean Prince,https://hashtagbasketball.com/10155/player,SF,MIL,26,611.3,0.450,86.0,191.0,1.000,6.0,6.0,61.0,239.0,81.0,46.0,16.0,6.0,31.0,4.98
356,,Ariel Hukporti,https://hashtagbasketball.com/120070/player,C,NY,54,498.0,0.563,45.0,80.0,0.788,26.0,33.0,1.0,117.0,160.0,29.0,9.0,26.0,32.0,4.95
357,4,Yanic Konan Niederhauser,https://hashtagbasketball.com/120236/player,C,LAC,41,423.7,0.640,64.0,100.0,0.758,47.0,62.0,1.0,176.0,117.0,12.0,5.0,30.0,23.0,4.95
358,,Tyrese Proctor,https://hashtagbasketball.com/120243/player,,CLE,50,545.1,0.413,93.0,225.0,0.889,40.0,45.0,46.0,272.0,64.0,74.0,25.0,0.0,40.0,4.94
359,1,Nick Richards,https://hashtagbasketball.com/27661/player,C,CHI,47,700.7,0.512,103.0,201.0,0.644,65.0,101.0,5.0,276.0,243.0,16.0,10.0,33.0,59.0,4.94
360,5,Micah Peavy,https://hashtagbasketball.com/120251/player,"SG,SF",NO,61,913.0,0.385,106.0,275.0,0.759,22.0,29.0,28.0,262.0,117.0,61.0,43.0,9.0,20.0,4.91
361,,Trae Young,https://hashtagbasketball.com/15202/player,PG,WAS,15,383.7,0.458,81.0,177.0,0.825,80.0,97.0,27.0,269.0,30.0,120.0,13.0,2.0,39.0,4.83
362,1,Tyrese Martin,https://hashtagbasketball.com/120171/player,"PG,SG,SF",PHI,46,776.6,0.394,109.0,277.0,0.679,19.0,28.0,53.0,290.0,116.0,79.0,25.0,7.0,40.0,4.75
363,1,Zach Edey,https://hashtagbasketball.com/120018/player,C,MEM,11,283.8,0.633,62.0,98.0,0.781,25.0,32.0,1.0,150.0,122.0,12.0,7.0,21.0,26.0,4.70
364,1,Khaman Maluach,https://hashtagbasketball.com/120213/player,C,PHO,46,411.0,0.533,56.0,105.0,0.710,22.0,31.0,5.0,139.0,133.0,6.0,5.0,34.0,25.0,4.67
365,5,Steven Adams,https://hashtagbasketball.com/9390/player,C,HOU,32,730.4,0.504,70.0,139.0,0.580,47.0,81.0,0.0,187.0,276.0,48.0,21.0,21.0,35.0,4.65
366,2,Myron Gardner,https://hashtagbasketball.com/120339/player,,MIA,45,410.5,0.480,59.0,123.0,0.731,19.0,26.0,26.0,163.0,122.0,44.0,20.0,8.0,17.0,4.64
367,1,Asa Newell,https://hashtagbasketball.com/120223/player,PF,ATL,44,499.9,0.538,91.0,169.0,0.552,16.0,29.0,29.0,227.0,96.0,26.0,16.0,15.0,23.0,4.63
368,1,Gary Harris,https://hashtagbasketball.com/9191/player,"SG,SF",MIL,48,660.7,0.442,46.0,104.0,0.889,8.0,9.0,28.0,128.0,61.0,51.0,28.0,9.0,19.0,4.63
369,,Tidjane Salaün,https://hashtagbasketball.com/120027/player,PF,CHA,37,575.4,0.503,80.0,159.0,0.650,26.0,40.0,36.0,222.0,149.0,28.0,16.0,7.0,26.0,4.62
370,4,Joan Beringer,https://hashtagbasketball.com/120230/player,C,MIN,40,314.1,0.663,65.0,98.0,0.703,26.0,37.0,0.0,156.0,92.0,12.0,7.0,26.0,11.0,4.59
371,5,Nikola Jovic,https://hashtagbasketball.com/39836/player,"PF,C",MIA,47,808.0,0.366,115.0,314.0,0.683,69.0,101.0,45.0,344.0,153.0,103.0,26.0,17.0,65.0,4.56
372,5,Cole Anthony,https://hashtagbasketball.com/27590/player,PG,PHO,35,526.6,0.424,98.0,231.0,0.615,16.0,26.0,22.0,234.0,87.0,121.0,20.0,11.0,65.0,4.56
373,2,Mohamed Diawara,https://hashtagbasketball.com/120258/player,,NY,69,634.1,0.423,90.0,213.0,0.750,18.0,24.0,48.0,246.0,94.0,53.0,17.0,6.0,30.0,4.53
374,2,Drew Eubanks,https://hashtagbasketball.com/15323/player,C,SAC,42,552.3,0.596,93.0,156.0,0.561,32.0,57.0,1.0,219.0,128.0,19.0,15.0,26.0,30.0,4.51
375,2,Gabe Vincent,https://hashtagbasketball.com/15324/player,"PG,SG",ATL,53,879.1,0.352,76.0,216.0,0.870,20.0,23.0,59.0,231.0,54.0,76.0,27.0,3.0,27.0,4.48
376,4,Moussa Cisse,https://hashtagbasketball.com/120287/player,C,DAL,38,529.6,0.574,66.0,115.0,0.469,38.0,81.0,0.0,170.0,216.0,9.0,19.0,45.0,30.0,4.47
377,4,Tre Mann,https://hashtagbasketball.com/31047/player,"PG,SG",CHA,53,668.5,0.360,109.0,303.0,0.852,23.0,27.0,50.0,291.0,92.0,86.0,25.0,5.0,54.0,4.46
378,4,Dalen Terry,https://hashtagbasketball.com/38947/player,"SG,SF",PHI,48,551.0,0.439,68.0,155.0,0.533,16.0,30.0,24.0,176.0,87.0,66.0,29.0,15.0,26.0,4.44
379,4,Jamal Cain,https://hashtagbasketball.com/53608/player,"SG,SF",ORL,40,486.0,0.487,74.0,152.0,0.848,39.0,46.0,28.0,215.0,78.0,29.0,11.0,4.0,19.0,4.36
380,1,Rasheer Fleming,https://hashtagbasketball.com/120237/player,PF,PHO,55,673.4,0.403,87.0,216.0,0.559,19.0,34.0,45.0,238.0,124.0,16.0,22.0,21.0,29.0,4.36
381,3,Oscar Tshiebwe,https://hashtagbasketball.com/120108/player,"PF,C",UTA,27,448.1,0.634,92.0,145.0,0.551,27.0,49.0,0.0,211.0,179.0,32.0,16.0,5.0,21.0,4.34
382,,Keaton Wallace,https://hashtagbasketball.com/120094/player,"PG,SG",ATL,53,536.0,0.398,68.0,171.0,0.667,12.0,18.0,38.0,186.0,56.0,94.0,24.0,5.0,28.0,4.33
383,,Bez Mbeng,https://hashtagbasketball.com/120328/player,,,15,492.2,0.500,50.0,100.0,0.640,16.0,25.0,6.0,122.0,57.0,62.0,34.0,6.0,22.0,4.24
384,,Jeremy Sochan,https://hashtagbasketball.com/38938/player,"PF,C",NY,44,468.5,0.500,65.0,130.0,0.731,19.0,26.0,11.0,160.0,106.0,39.0,17.0,7.0,21.0,4.21
385,3,Marcus Sasser,https://hashtagbasketball.com/111221/player,PG,DET,38,456.5,0.390,69.0,177.0,0.833,15.0,18.0,44.0,197.0,39.0,75.0,20.0,4.0,31.0,4.21
386,,Dalton Knecht,https://hashtagbasketball.com/120008/player,"SG,SF",LAL,54,552.9,0.455,87.0,191.0,0.727,16.0,22.0,38.0,228.0,75.0,21.0,11.0,11.0,23.0,4.19
387,,Ethan Thompson,https://hashtagbasketball.com/120168/player,SG,IND,32,653.2,0.378,74.0,196.0,0.787,37.0,47.0,38.0,223.0,68.0,57.0,20.0,9.0,25.0,4.18
388,4,Jahmai Mashack,https://hashtagbasketball.com/120265/player,SG,MEM,31,673.2,0.395,77.0,195.0,0.543,19.0,35.0,19.0,192.0,81.0,69.0,38.0,14.0,49.0,4.18
389,,Jase Richardson,https://hashtagbasketball.com/120219/player,SG,ORL,54,586.7,0.473,89.0,188.0,0.717,33.0,46.0,28.0,239.0,63.0,58.0,19.0,2.0,25.0,4.17
390,5,Cameron Payne,https://hashtagbasketball.com/9394/player,"PG,SG",PHI,22,374.3,0.376,56.0,149.0,0.864,19.0,22.0,32.0,163.0,44.0,58.0,24.0,7.0,12.0,4.15
391,1,Moritz Wagner,https://hashtagbasketball.com/15222/player,C,ORL,36,426.6,0.426,83.0,195.0,0.819,59.0,72.0,22.0,247.0,115.0,27.0,15.0,2.0,19.0,4.13
392,1,Jalen Wilson,https://hashtagbasketball.com/111247/player,"SF,PF",BKN,54,859.2,0.396,110.0,278.0,0.719,69.0,96.0,54.0,343.0,114.0,50.0,22.0,2.0,38.0,4.10
393,2,Jonathan Isaac,https://hashtagbasketball.com/13733/player,"SF,PF",ORL,52,520.9,0.422,46.0,109.0,0.603,35.0,58.0,7.0,134.0,132.0,22.0,20.0,31.0,18.0,4.06
394,4,Jordan Hawkins,https://hashtagbasketball.com/111210/player,"SG,SF",NO,51,692.0,0.366,94.0,257.0,0.852,23.0,27.0,47.0,258.0,88.0,42.0,13.0,10.0,34.0,4.02
395,1,Jamison Battle,https://hashtagbasketball.com/120130/player,,TOR,61,516.8,0.510,74.0,145.0,0.643,9.0,14.0,35.0,192.0,89.0,24.0,7.0,3.0,19.0,3.99
396,1,Terrence Shannon Jr.,https://hashtagbasketball.com/120063/player,"SF,PF",MIN,43,537.7,0.450,77.0,171.0,0.800,56.0,70.0,31.0,241.0,49.0,38.0,14.0,1.0,24.0,3.98
397,2,Jalen Slawson,https://hashtagbasketball.com/111250/player,SF,IND,13,310.5,0.442,34.0,77.0,0.706,12.0,17.0,15.0,95.0,57.0,36.0,20.0,14.0,17.0,3.96
398,2,Cormac Ryan,https://hashtagbasketball.com/120183/player,,MIL,11,270.7,0.520,53.0,102.0,0.923,24.0,26.0,27.0,157.0,28.0,19.0,11.0,3.0,17.0,3.95
399,1,Johnny Furphy,https://hashtagbasketball.com/120021/player,"SG,SF",IND,35,643.0,0.470,70.0,149.0,0.486,17.0,35.0,23.0,180.0,153.0,41.0,20.0,7.0,29.0,3.94
400,1,Malachi Smith,https://hashtagbasketball.com/120359/player,,,15,358.8,0.485,48.0,99.0,1.000,8.0,8.0,20.0,124.0,51.0,49.0,12.0,4.0,14.0,3.91
401,6,Kam Jones,https://hashtagbasketball.com/120240/player,,IND,37,616.3,0.402,68.0,169.0,0.500,4.0,8.0,22.0,162.0,61.0,119.0,18.0,0.0,36.0,3.86
402,1,Elijah Harkless,https://hashtagbasketball.com/120188/player,SG,UTA,26,544.8,0.335,54.0,161.0,0.766,49.0,64.0,21.0,178.0,53.0,75.0,31.0,6.0,26.0,3.86
403,3,Julian Reese,https://hashtagbasketball.com/120316/player,"PF,C",WAS,13,401.5,0.529,63.0,119.0,0.636,28.0,44.0,0.0,154.0,137.0,24.0,18.0,8.0,32.0,3.85
404,1,Taelon Peter,https://hashtagbasketball.com/120261/player,,IND,38,492.2,0.380,60.0,158.0,0.625,10.0,16.0,41.0,171.0,59.0,40.0,26.0,4.0,27.0,3.84
405,,Trayce Jackson-Davis,https://hashtagbasketball.com/111253/player,C,TOR,53,496.0,0.577,71.0,123.0,0.514,38.0,74.0,1.0,181.0,144.0,39.0,17.0,24.0,22.0,3.81
406,4,E.J. Liddell,https://hashtagbasketball.com/38698/player,"PF,C",BKN,26,349.2,0.486,54.0,111.0,0.808,21.0,26.0,18.0,147.0,69.0,24.0,6.0,10.0,15.0,3.80
407,3,Tony Bradley,https://hashtagbasketball.com/120200/player,C,IND,40,450.7,0.547,64.0,117.0,0.744,32.0,43.0,2.0,162.0,116.0,22.0,6.0,7.0,18.0,3.79
408,8,D'Angelo Russell,https://hashtagbasketball.com/9285/player,PG,WAS,26,494.8,0.405,94.0,232.0,0.717,43.0,60.0,33.0,264.0,61.0,104.0,12.0,2.0,49.0,3.76
409,1,Christian Koloko,https://hashtagbasketball.com/38957/player,C,ATL,27,356.7,0.419,31.0,74.0,0.667,10.0,15.0,1.0,73.0,81.0,18.0,14.0,23.0,16.0,3.74
410,1,Killian Hayes,https://hashtagbasketball.com/27587/player,PG,SAC,23,405.5,0.304,42.0,138.0,0.929,26.0,28.0,17.0,127.0,54.0,81.0,21.0,4.0,28.0,3.70
411,2,Julian Phillips,https://hashtagbasketball.com/111231/player,"SF,PF",MIN,48,427.0,0.421,51.0,121.0,0.783,18.0,23.0,20.0,140.0,49.0,10.0,23.0,7.0,11.0,3.67
412,2,Leaky Black,https://hashtagbasketball.com/120111/player,"SF,PF",WAS,15,433.1,0.388,40.0,103.0,0.875,7.0,8.0,19.0,106.0,75.0,22.0,18.0,8.0,14.0,3.67
413,1,Larry Nance Jr.,https://hashtagbasketball.com/9286/player,"PF,C",CLE,35,448.8,0.419,52.0,124.0,0.462,6.0,13.0,21.0,131.0,93.0,34.0,21.0,6.0,20.0,3.65
414,,Kelly Olynyk,https://hashtagbasketball.com/9100/player,"PF,C",SA,41,360.2,0.490,47.0,96.0,0.711,27.0,38.0,12.0,133.0,76.0,49.0,15.0,3.0,24.0,3.65
415,,Cam Whitmore,https://hashtagbasketball.com/111216/player,"SF,PF",WAS,21,354.0,0.456,77.0,169.0,0.742,23.0,31.0,16.0,193.0,58.0,15.0,15.0,8.0,18.0,3.62
416,3,Amir Coffey,https://hashtagbasketball.com/17215/player,"SF,PF",PHO,46,490.5,0.487,55.0,113.0,0.786,22.0,28.0,17.0,149.0,57.0,27.0,9.0,5.0,9.0,3.59
417,1,Tyson Etienne,https://hashtagbasketball.com/120201/player,PG,BKN,24,380.0,0.400,58.0,145.0,0.833,30.0,36.0,43.0,189.0,27.0,40.0,11.0,0.0,16.0,3.59
418,2,Bronny James Jr.,https://hashtagbasketball.com/120060/player,"PG,SG",LAL,42,375.5,0.409,47.0,115.0,0.857,6.0,7.0,22.0,122.0,23.0,51.0,19.0,4.0,25.0,3.59
419,3,Dorian Finney-Smith,https://hashtagbasketball.com/10117/player,"SF,PF",HOU,37,620.3,0.333,44.0,132.0,0.889,8.0,9.0,27.0,123.0,93.0,36.0,16.0,6.0,22.0,3.56
420,1,Keshad Johnson,https://hashtagbasketball.com/120066/player,PF,MIA,32,279.5,0.490,51.0,104.0,0.724,21.0,29.0,13.0,136.0,63.0,8.0,15.0,8.0,13.0,3.56
421,4,Blake Hinson,https://hashtagbasketball.com/120117/player,,UTA,14,285.4,0.513,59.0,115.0,0.750,12.0,16.0,37.0,167.0,33.0,16.0,5.0,2.0,5.0,3.55
422,2,Bogdan Bogdanovic,https://hashtagbasketball.com/13726/player,"SG,SF",LAC,23,452.0,0.388,59.0,152.0,0.800,20.0,25.0,33.0,171.0,59.0,51.0,10.0,3.0,27.0,3.55
423,2,Ron Harper Jr.,https://hashtagbasketball.com/39850/player,SF,BOS,29,317.5,0.418,46.0,110.0,0.750,3.0,4.0,28.0,123.0,48.0,22.0,10.0,9.0,8.0,3.50
424,1,Kevon Looney,https://hashtagbasketball.com/9227/player,C,NO,21,307.5,0.417,25.0,60.0,0.700,7.0,10.0,2.0,59.0,118.0,34.0,9.0,10.0,9.0,3.49
425,3,Scotty Pippen Jr.,https://hashtagbasketball.com/53593/player,"PG,SG",MEM,10,211.9,0.443,43.0,97.0,0.783,18.0,23.0,10.0,114.0,22.0,47.0,19.0,4.0,27.0,3.46
426,1,Jordan McLaughlin,https://hashtagbasketball.com/15341/player,"PG,SG",SA,44,281.6,0.418,33.0,79.0,0.857,6.0,7.0,17.0,89.0,31.0,38.0,20.0,2.0,15.0,3.44
427,1,Jae'Sean Tate,https://hashtagbasketball.com/27596/player,"SF,PF",HOU,46,404.7,0.514,56.0,109.0,0.636,7.0,11.0,10.0,129.0,73.0,25.0,10.0,3.0,16.0,3.43
428,1,Doug McDermott,https://hashtagbasketball.com/9148/player,"SF,PF",SAC,29,439.2,0.388,54.0,139.0,0.889,8.0,9.0,48.0,164.0,37.0,22.0,6.0,4.0,13.0,3.40
429,,Malaki Branham,https://hashtagbasketball.com/38740/player,"SG,SF",CHA,28,275.5,0.473,43.0,91.0,0.824,28.0,34.0,14.0,128.0,44.0,23.0,10.0,3.0,15.0,3.39
430,4,Nick Smith Jr.,https://hashtagbasketball.com/111223/player,"PG,SG",LAL,30,374.9,0.435,70.0,161.0,0.733,11.0,15.0,34.0,185.0,23.0,31.0,10.0,2.0,21.0,3.33
431,1,Walker Kessler,https://hashtagbasketball.com/38790/player,C,UTA,5,154.0,0.703,26.0,37.0,0.700,14.0,20.0,6.0,72.0,54.0,15.0,7.0,9.0,16.0,3.33
432,2,Liam McNeeley,https://hashtagbasketball.com/120224/player,SF,CHA,31,367.6,0.400,38.0,95.0,0.821,32.0,39.0,24.0,132.0,73.0,24.0,5.0,3.0,13.0,3.32
433,2,Malevy Leons,https://hashtagbasketball.com/120127/player,,GS,25,276.5,0.444,32.0,72.0,0.789,15.0,19.0,4.0,83.0,53.0,23.0,14.0,8.0,13.0,3.32
434,1,Jonathan Mogbo,https://hashtagbasketball.com/120048/player,"PF,C",TOR,40,248.9,0.591,26.0,44.0,0.643,9.0,14.0,0.0,61.0,68.0,25.0,11.0,8.0,14.0,3.31
435,,Maxi Kleber,https://hashtagbasketball.com/13817/player,"PF,C",LAL,42,461.0,0.452,33.0,73.0,0.538,14.0,26.0,6.0,86.0,84.0,27.0,18.0,11.0,17.0,3.31
436,,Max Strus,https://hashtagbasketball.com/17276/player,"SG,SF",CLE,12,288.3,0.443,47.0,106.0,0.778,7.0,9.0,33.0,134.0,65.0,24.0,3.0,0.0,9.0,3.26
437,1,PJ Hall,https://hashtagbasketball.com/120033/player,C,CHA,19,213.4,0.508,30.0,59.0,0.793,23.0,29.0,3.0,86.0,75.0,10.0,3.0,10.0,16.0,3.22
438,6,Cam Christie,https://hashtagbasketball.com/120056/player,"SG,SF",LAC,55,479.7,0.381,53.0,139.0,0.760,38.0,50.0,12.0,156.0,78.0,31.0,16.0,3.0,22.0,3.19
439,2,Charles Bassey,https://hashtagbasketball.com/31082/player,C,BOS,13,152.7,0.660,31.0,47.0,0.700,14.0,20.0,0.0,76.0,57.0,7.0,4.0,11.0,6.0,3.18
440,,Duop Reath,https://hashtagbasketball.com/11259/player,C,ATL,32,258.2,0.446,33.0,74.0,0.833,5.0,6.0,23.0,94.0,38.0,10.0,5.0,8.0,7.0,3.18
441,2,John Poulakidas,https://hashtagbasketball.com/120300/player,,DAL,13,253.4,0.429,39.0,91.0,0.857,6.0,7.0,31.0,115.0,30.0,11.0,7.0,4.0,4.0,3.17
442,1,Jeremiah Robinson-Earl,https://hashtagbasketball.com/31061/player,"PF,C",IND,22,360.6,0.370,37.0,100.0,0.944,17.0,18.0,10.0,101.0,103.0,15.0,9.0,1.0,12.0,3.16
443,1,Tyler Burton,https://hashtagbasketball.com/120360/player,,,12,306.7,0.375,42.0,112.0,0.852,23.0,27.0,22.0,129.0,50.0,12.0,11.0,4.0,11.0,3.16
444,3,A.J. Lawson,https://hashtagbasketball.com/35171/player,"SG,SF",TOR,24,226.1,0.436,34.0,78.0,0.778,14.0,18.0,19.0,101.0,43.0,7.0,12.0,4.0,6.0,3.14
445,3,Kennedy Chandler,https://hashtagbasketball.com/120362/player,PG,,11,355.2,0.445,61.0,137.0,0.651,28.0,43.0,15.0,165.0,37.0,74.0,11.0,2.0,23.0,3.12
446,5,DeJon Jarreau,https://hashtagbasketball.com/120358/player,,,11,230.7,0.398,33.0,83.0,0.783,18.0,23.0,4.0,88.0,51.0,36.0,10.0,8.0,26.0,3.12
447,2,DaRon Holmes II,https://hashtagbasketball.com/120022/player,"PF,C",DEN,25,209.5,0.508,31.0,61.0,0.786,11.0,14.0,20.0,93.0,35.0,16.0,1.0,6.0,12.0,3.08
448,2,Isaiah Livers,https://hashtagbasketball.com/31071/player,"SF,PF",PHO,36,347.4,0.344,22.0,64.0,0.750,9.0,12.0,12.0,65.0,61.0,21.0,13.0,7.0,12.0,3.08
449,2,DeAndre Jordan,https://hashtagbasketball.com/9268/player,C,NO,12,198.8,0.656,21.0,32.0,0.647,11.0,17.0,0.0,53.0,76.0,11.0,4.0,10.0,9.0,3.07
450,1,L.J. Cryer,https://hashtagbasketball.com/120294/player,,GS,18,292.1,0.402,47.0,117.0,0.895,17.0,19.0,37.0,148.0,28.0,18.0,3.0,0.0,14.0,3.07
451,1,Pat Connaughton,https://hashtagbasketball.com/9456/player,"SG,SF",CHA,42,296.5,0.447,38.0,85.0,0.650,13.0,20.0,21.0,110.0,61.0,18.0,11.0,1.0,11.0,3.05
452,,Zach Collins,https://hashtagbasketball.com/13784/player,C,CHI,10,183.7,0.578,37.0,64.0,0.700,14.0,20.0,9.0,97.0,56.0,15.0,2.0,4.0,10.0,3.02
453,,Brooks Barnhizer,https://hashtagbasketball.com/120253/player,,OKC,40,347.9,0.380,27.0,71.0,0.700,7.0,10.0,7.0,68.0,78.0,22.0,11.0,5.0,10.0,3.00
454,,Joe Ingles,https://hashtagbasketball.com/9513/player,SF,MIN,27,152.7,0.593,16.0,27.0,1.000,2.0,2.0,7.0,41.0,19.0,34.0,9.0,2.0,14.0,2.98
455,2,Yuki Kawamura,https://hashtagbasketball.com/120158/player,PG,CHI,18,209.0,0.327,17.0,52.0,0.895,17.0,19.0,11.0,62.0,33.0,47.0,9.0,0.0,14.0,2.93
456,2,Nate Williams,https://hashtagbasketball.com/79723/player,"SG,SF",GS,14,239.2,0.489,43.0,88.0,0.867,13.0,15.0,13.0,112.0,30.0,14.0,5.0,0.0,15.0,2.93
457,1,Dereck Lively II,https://hashtagbasketball.com/109470/player,C,DAL,7,115.3,0.611,11.0,18.0,0.800,8.0,10.0,0.0,30.0,37.0,13.0,4.0,11.0,10.0,2.92
458,3,Adama Bal,https://hashtagbasketball.com/120363/player,,,8,241.3,0.412,28.0,68.0,0.900,9.0,10.0,18.0,83.0,25.0,19.0,9.0,1.0,6.0,2.91
459,,Drew Timme,https://hashtagbasketball.com/120206/player,C,LAL,27,235.1,0.576,38.0,66.0,0.556,5.0,9.0,11.0,92.0,33.0,23.0,6.0,0.0,13.0,2.91
460,,MarJon Beauchamp,https://hashtagbasketball.com/39835/player,"SG,SF",PHI,14,196.1,0.434,33.0,76.0,0.684,13.0,19.0,16.0,95.0,32.0,15.0,9.0,4.0,13.0,2.83
461,1,AJ Johnson,https://hashtagbasketball.com/120037/player,"PG,SG",DAL,48,453.4,0.324,57.0,176.0,0.850,34.0,40.0,12.0,160.0,55.0,47.0,11.0,3.0,30.0,2.82
462,2,Blake Wesley,https://hashtagbasketball.com/38946/player,"PG,SG",POR,31,360.8,0.452,56.0,124.0,0.553,26.0,47.0,10.0,148.0,39.0,62.0,16.0,5.0,31.0,2.82
463,4,Andre Jackson Jr.,https://hashtagbasketball.com/111232/player,"SG,SF",MIL,48,408.1,0.328,39.0,119.0,0.625,20.0,32.0,15.0,113.0,72.0,43.0,18.0,4.0,31.0,2.80
464,3,Garrison Mathews,https://hashtagbasketball.com/17315/player,"SG,SF",ATL,15,196.1,0.404,21.0,52.0,0.826,19.0,23.0,17.0,78.0,17.0,10.0,6.0,3.0,3.0,2.75
465,,Mason Plumlee,https://hashtagbasketball.com/9442/player,C,SA,20,171.5,0.786,11.0,14.0,0.643,9.0,14.0,0.0,31.0,53.0,20.0,10.0,0.0,12.0,2.72
466,3,Lindy Waters III,https://hashtagbasketball.com/37944/player,"SG,SF",SA,40,284.7,0.375,33.0,88.0,0.667,2.0,3.0,27.0,95.0,29.0,19.0,6.0,1.0,7.0,2.71
467,7,Yang Hansen,https://hashtagbasketball.com/120235/player,C,POR,43,299.9,0.310,31.0,100.0,0.824,28.0,34.0,5.0,95.0,66.0,22.0,3.0,10.0,32.0,2.71
468,,Chris Paul,https://hashtagbasketball.com/9265/player,PG,TOR,16,227.5,0.321,18.0,56.0,0.500,1.0,2.0,10.0,47.0,28.0,53.0,11.0,0.0,16.0,2.70
469,3,Alondes Williams,https://hashtagbasketball.com/53587/player,SG,WAS,4,100.8,0.615,16.0,26.0,0.875,7.0,8.0,5.0,44.0,25.0,12.0,3.0,3.0,5.0,2.69
470,,Amari Williams,https://hashtagbasketball.com/120255/player,,BOS,22,145.7,0.500,10.0,20.0,0.714,10.0,14.0,0.0,30.0,40.0,10.0,3.0,10.0,11.0,2.67
471,2,JD Davison,https://hashtagbasketball.com/38917/player,"PG,SG",HOU,28,218.4,0.375,24.0,64.0,0.684,13.0,19.0,8.0,69.0,34.0,35.0,6.0,6.0,7.0,2.66
472,1,Seth Curry,https://hashtagbasketball.com/9467/player,SG,GS,10,133.0,0.490,24.0,49.0,0.917,11.0,12.0,12.0,71.0,12.0,10.0,3.0,0.0,2.0,2.62
473,1,Chris Youngblood,https://hashtagbasketball.com/120345/player,SG,POR,34,185.1,0.349,22.0,63.0,0.900,9.0,10.0,18.0,71.0,28.0,12.0,4.0,3.0,2.0,2.62
474,1,Xavier Tillman,https://hashtagbasketball.com/27462/player,"PF,C",CHA,30,183.9,0.435,20.0,46.0,0.250,1.0,4.0,3.0,44.0,43.0,13.0,9.0,5.0,8.0,2.60
475,3,KJ Simpson,https://hashtagbasketball.com/120035/player,PG,DEN,20,257.6,0.343,34.0,99.0,0.611,11.0,18.0,12.0,91.0,37.0,42.0,16.0,0.0,25.0,2.59
476,1,Mac McClung,https://hashtagbasketball.com/31220/player,"PG,SG",CHI,11,135.2,0.390,23.0,59.0,0.778,14.0,18.0,7.0,67.0,10.0,10.0,11.0,3.0,9.0,2.54
477,3,RayJ Dennis,https://hashtagbasketball.com/120136/player,PG,ATL,17,206.2,0.313,26.0,83.0,0.889,8.0,9.0,14.0,74.0,25.0,33.0,4.0,4.0,17.0,2.52
478,1,Andersson Garcia,https://hashtagbasketball.com/120361/player,PF,,5,168.7,0.310,9.0,29.0,0.778,7.0,9.0,1.0,26.0,42.0,14.0,8.0,4.0,7.0,2.52
479,3,Kadary Richmond,https://hashtagbasketball.com/120273/player,SG,,3,66.8,0.625,10.0,16.0,1.000,3.0,3.0,2.0,25.0,10.0,8.0,8.0,1.0,2.0,2.51
480,4,Kevin McCullar Jr.,https://hashtagbasketball.com/120024/player,"SF,PF",NY,21,155.0,0.426,20.0,47.0,0.400,2.0,5.0,8.0,50.0,28.0,20.0,9.0,0.0,12.0,2.47
481,2,David Roddy,https://hashtagbasketball.com/38945/player,SF,DEN,5,73.0,0.500,15.0,30.0,1.000,7.0,7.0,3.0,40.0,21.0,4.0,4.0,1.0,2.0,2.47
482,11,Nikola Topic,https://hashtagbasketball.com/120001/player,PG,OKC,10,160.1,0.431,22.0,51.0,0.400,2.0,5.0,6.0,52.0,19.0,44.0,5.0,0.0,25.0,2.45
483,2,Trey Alexander,https://hashtagbasketball.com/120038/player,SG,NO,9,110.6,0.514,19.0,37.0,0.600,3.0,5.0,6.0,47.0,11.0,9.0,6.0,2.0,3.0,2.44
484,2,Caleb Houstan,https://hashtagbasketball.com/38958/player,"SG,SF",ATL,18,75.5,0.538,14.0,26.0,1.000,3.0,3.0,11.0,42.0,11.0,4.0,2.0,1.0,4.0,2.44
485,5,Lachlan Olbrich,https://hashtagbasketball.com/120262/player,,CHI,37,344.2,0.468,36.0,77.0,0.375,15.0,40.0,2.0,89.0,112.0,42.0,12.0,8.0,16.0,2.43
486,3,TyTy Washington Jr.,https://hashtagbasketball.com/38657/player,PG,LAC,16,88.1,0.474,9.0,19.0,0.000,0.0,0.0,3.0,21.0,6.0,17.0,6.0,3.0,3.0,2.43
487,1,Tolu Smith,https://hashtagbasketball.com/120190/player,,DET,15,137.4,0.500,18.0,36.0,0.667,20.0,30.0,0.0,56.0,49.0,13.0,2.0,6.0,7.0,2.42
488,1,Dariq Whitehead,https://hashtagbasketball.com/111218/player,"SG,SF",BKN,6,182.8,0.398,37.0,93.0,0.714,5.0,7.0,19.0,98.0,24.0,9.0,4.0,0.0,10.0,2.42
489,4,Haywood Highsmith,https://hashtagbasketball.com/15462/player,"SF,PF",PHO,7,90.8,0.522,12.0,23.0,0.857,6.0,7.0,8.0,38.0,13.0,7.0,4.0,0.0,0.0,2.41
490,1,Alijah Martin,https://hashtagbasketball.com/120248/player,SG,TOR,23,145.6,0.320,16.0,50.0,0.789,15.0,19.0,4.0,51.0,21.0,12.0,8.0,4.0,8.0,2.39
491,2,Patrick Baldwin Jr.,https://hashtagbasketball.com/38943/player,PF,SAC,9,102.5,0.407,11.0,27.0,0.714,5.0,7.0,6.0,33.0,23.0,5.0,3.0,5.0,5.0,2.38
492,4,Luke Travers,https://hashtagbasketball.com/120172/player,SF,CLE,12,103.1,0.250,9.0,36.0,1.000,9.0,9.0,1.0,28.0,24.0,9.0,7.0,4.0,3.0,2.38
493,1,Thanasis Antetokounmpo,https://hashtagbasketball.com/9560/player,PF,MIL,34,147.9,0.469,15.0,32.0,0.567,17.0,30.0,0.0,47.0,30.0,15.0,13.0,6.0,10.0,2.37
494,2,Jeff Green,https://hashtagbasketball.com/9271/player,PF,HOU,30,174.8,0.368,25.0,68.0,1.000,5.0,5.0,12.0,67.0,25.0,8.0,2.0,2.0,4.0,2.37
495,,Keshon Gilbert,https://hashtagbasketball.com/120314/player,PG,ATL,4,73.8,0.417,5.0,12.0,1.000,7.0,7.0,0.0,17.0,5.0,12.0,3.0,4.0,8.0,2.36
496,3,Miles Kelly,https://hashtagbasketball.com/120278/player,,DAL,14,133.7,0.364,16.0,44.0,1.000,1.0,1.0,10.0,43.0,24.0,12.0,4.0,1.0,6.0,2.35
497,,Riley Minix,https://hashtagbasketball.com/120191/player,,CLE,9,58.1,0.609,14.0,23.0,1.000,3.0,3.0,4.0,35.0,6.0,5.0,2.0,1.0,3.0,2.34
498,,Chaz Lanier,https://hashtagbasketball.com/120245/player,SG,DET,34,262.0,0.315,28.0,89.0,0.833,5.0,6.0,19.0,80.0,24.0,17.0,7.0,0.0,3.0,2.33
499,3,Taj Gibson,https://hashtagbasketball.com/9144/player,"PF,C",MEM,10,96.9,0.462,12.0,26.0,0.875,7.0,8.0,3.0,34.0,27.0,6.0,2.0,1.0,1.0,2.33
500,1,Bismack Biyombo,https://hashtagbasketball.com/9497/player,C,SA,25,141.3,0.600,9.0,15.0,0.714,5.0,7.0,0.0,23.0,26.0,5.0,4.0,2.0,8.0,2.33
501,1,David Jones-Garcia,https://hashtagbasketball.com/120072/player,SF,SA,11,68.0,0.520,13.0,25.0,0.500,3.0,6.0,3.0,32.0,13.0,18.0,6.0,1.0,5.0,2.33
502,4,Adou Thiero,https://hashtagbasketball.com/120238/player,SF,LAL,25,148.9,0.516,16.0,31.0,0.636,14.0,22.0,1.0,47.0,28.0,10.0,7.0,2.0,9.0,2.31
503,1,Chris Boucher,https://hashtagbasketball.com/13766/player,"PF,C",UTA,9,94.1,0.320,8.0,25.0,0.750,3.0,4.0,2.0,21.0,18.0,3.0,5.0,6.0,1.0,2.30
504,1,Rocco Zikarsky,https://hashtagbasketball.com/120254/player,,MIN,5,36.5,0.625,5.0,8.0,1.000,4.0,4.0,0.0,14.0,14.0,2.0,0.0,5.0,1.0,2.29
505,1,Eric Gordon,https://hashtagbasketball.com/9352/player,"SG,SF",MEM,6,73.7,0.571,12.0,21.0,0.500,1.0,2.0,8.0,33.0,2.0,3.0,4.0,1.0,3.0,2.29
506,1,Tristan Enaruna,https://hashtagbasketball.com/120135/player,,CLE,9,85.1,0.500,14.0,28.0,0.750,6.0,8.0,3.0,37.0,14.0,7.0,5.0,0.0,3.0,2.29
507,,Koby Brea,https://hashtagbasketball.com/120247/player,SG,PHO,12,83.9,0.417,15.0,36.0,1.000,2.0,2.0,13.0,45.0,8.0,10.0,1.0,0.0,4.0,2.28
508,2,Dalano Banton,https://hashtagbasketball.com/31075/player,"SG,SF",BOS,6,61.6,0.333,4.0,12.0,1.000,4.0,4.0,0.0,12.0,5.0,11.0,2.0,5.0,8.0,2.26
509,,Isaiah Crawford,https://hashtagbasketball.com/120115/player,,HOU,14,92.1,0.417,10.0,24.0,0.833,5.0,6.0,3.0,28.0,16.0,5.0,2.0,3.0,4.0,2.25
510,2,DaQuan Jeffries,https://hashtagbasketball.com/17303/player,"SF,PF",SAC,3,59.9,0.579,11.0,19.0,1.000,5.0,5.0,4.0,31.0,5.0,1.0,2.0,0.0,0.0,2.25
511,2,Nigel Hayes,https://hashtagbasketball.com/120338/player,,MIL,23,180.2,0.349,15.0,43.0,0.500,1.0,2.0,2.0,33.0,29.0,7.0,8.0,1.0,7.0,2.23
570,57,Nigel Hayes,https://hashtagbasketball.com/120338/player,,MIL,23,180.2,0.349,15.0,43.0,0.500,1.0,2.0,2.0,33.0,29.0,7.0,8.0,1.0,7.0,2.23
512,1,Pacôme Dadiet,https://hashtagbasketball.com/120031/player,"SF,PF",NY,29,135.7,0.340,16.0,47.0,0.818,9.0,11.0,7.0,48.0,27.0,12.0,2.0,1.0,4.0,2.22
513,1,Zyon Pullin,https://hashtagbasketball.com/120153/player,,MIN,5,42.6,0.692,9.0,13.0,1.000,4.0,4.0,1.0,23.0,3.0,9.0,1.0,0.0,3.0,2.21
514,5,Trey Jemison III,https://hashtagbasketball.com/111259/player,"PF,C",NY,13,81.6,0.600,6.0,10.0,1.000,1.0,1.0,0.0,13.0,18.0,5.0,1.0,2.0,10.0,2.19
515,1,Isaiah Stevens,https://hashtagbasketball.com/120143/player,PG,SAC,3,42.8,0.429,3.0,7.0,1.000,4.0,4.0,0.0,10.0,3.0,10.0,5.0,0.0,2.0,2.18
516,1,Hunter Tyson,https://hashtagbasketball.com/111233/player,"SF,PF",BKN,21,161.9,0.269,14.0,52.0,0.846,11.0,13.0,7.0,46.0,36.0,17.0,2.0,1.0,5.0,2.18
517,,Kobe Bufkin,https://hashtagbasketball.com/111211/player,"PG,SG",LAL,16,119.5,0.300,15.0,50.0,0.917,11.0,12.0,5.0,46.0,13.0,10.0,2.0,3.0,5.0,2.17
518,2,Curtis Jones,https://hashtagbasketball.com/120311/player,,DEN,10,87.7,0.407,11.0,27.0,0.500,1.0,2.0,6.0,29.0,11.0,10.0,4.0,0.0,2.0,2.17
519,1,Enrique Freeman,https://hashtagbasketball.com/120073/player,PF,MIN,4,37.2,0.500,4.0,8.0,0.750,3.0,4.0,2.0,13.0,10.0,2.0,2.0,3.0,2.0,2.16
520,2,Grant Nelson,https://hashtagbasketball.com/120288/player,,BKN,4,35.0,0.556,5.0,9.0,0.700,7.0,10.0,0.0,17.0,6.0,5.0,1.0,5.0,4.0,2.15
521,1,Antonio Reeves,https://hashtagbasketball.com/120057/player,"SG,SF",CHA,10,67.7,0.500,10.0,20.0,0.000,0.0,0.0,7.0,27.0,8.0,3.0,1.0,0.0,1.0,2.14
522,1,Chris Mañon,https://hashtagbasketball.com/120341/player,,LAL,9,46.1,0.333,2.0,6.0,0.750,3.0,4.0,0.0,7.0,10.0,3.0,5.0,2.0,1.0,2.14
523,,Wendell Moore Jr.,https://hashtagbasketball.com/38841/player,SF,DET,6,59.5,0.571,4.0,7.0,1.000,2.0,2.0,0.0,10.0,5.0,4.0,2.0,2.0,1.0,2.13
524,,Skal Labissiere,https://hashtagbasketball.com/120160/player,,WAS,3,37.5,0.600,6.0,10.0,0.000,0.0,0.0,1.0,13.0,9.0,3.0,2.0,1.0,1.0,2.12
525,2,Vladislav Goldin,https://hashtagbasketball.com/120274/player,,MIA,9,23.9,0.750,3.0,4.0,1.000,1.0,1.0,0.0,7.0,9.0,3.0,0.0,3.0,3.0,2.11
526,3,Johnny Juzang,https://hashtagbasketball.com/39851/player,"SG,SF",MIN,21,87.7,0.421,16.0,38.0,0.625,5.0,8.0,6.0,43.0,17.0,6.0,2.0,1.0,5.0,2.11
527,1,Mo Bamba,https://hashtagbasketball.com/15278/player,C,UTA,4,43.8,0.455,5.0,11.0,0.000,0.0,0.0,0.0,10.0,22.0,1.0,0.0,3.0,2.0,2.11
528,3,Norchad Omier,https://hashtagbasketball.com/120312/player,,LAC,6,23.7,0.700,7.0,10.0,1.000,3.0,3.0,0.0,17.0,7.0,2.0,1.0,0.0,0.0,2.11
529,1,Mouhamadou Gueye,https://hashtagbasketball.com/53649/player,C,FA,2,45.5,0.545,6.0,11.0,0.750,3.0,4.0,1.0,16.0,6.0,6.0,2.0,1.0,3.0,2.10
530,2,Olivier Sarr,https://hashtagbasketball.com/37520/player,C,CLE,4,39.3,0.714,5.0,7.0,0.400,2.0,5.0,2.0,14.0,11.0,5.0,2.0,3.0,2.0,2.10
531,1,Bradley Beal,https://hashtagbasketball.com/9523/player,"SG,SF",LAC,6,120.9,0.375,18.0,48.0,0.750,6.0,8.0,7.0,49.0,5.0,10.0,3.0,0.0,9.0,2.07
532,2,Garrett Temple,https://hashtagbasketball.com/9525/player,"PG,SG",TOR,22,72.9,0.267,4.0,15.0,0.667,6.0,9.0,3.0,17.0,9.0,9.0,4.0,2.0,7.0,2.06
533,2,Payton Sandfort,https://hashtagbasketball.com/120304/player,,OKC,4,63.3,0.500,13.0,26.0,0.500,2.0,4.0,7.0,35.0,10.0,0.0,1.0,0.0,1.0,2.06
534,5,Ömer Yurtseven,https://hashtagbasketball.com/27862/player,C,GS,9,103.9,0.423,11.0,26.0,0.667,12.0,18.0,0.0,34.0,30.0,8.0,2.0,1.0,9.0,2.04
535,1,Jahmir Young,https://hashtagbasketball.com/120140/player,,MIA,14,58.2,0.400,10.0,25.0,1.000,2.0,2.0,3.0,25.0,4.0,9.0,1.0,0.0,3.0,2.04
536,1,Josh Oduro,https://hashtagbasketball.com/120129/player,,NO,3,81.8,0.647,11.0,17.0,0.500,3.0,6.0,0.0,25.0,23.0,4.0,0.0,0.0,2.0,2.04
537,4,Dillon Jones,https://hashtagbasketball.com/120028/player,"SF,PF",NY,7,39.4,0.222,2.0,9.0,1.000,4.0,4.0,1.0,9.0,7.0,4.0,3.0,0.0,0.0,2.03
538,1,Jayson Kent,https://hashtagbasketball.com/120349/player,,POR,5,22.5,0.571,4.0,7.0,1.000,1.0,1.0,1.0,10.0,5.0,0.0,1.0,1.0,0.0,2.02
539,1,John Tonje,https://hashtagbasketball.com/120260/player,,BOS,6,41.9,0.286,4.0,14.0,1.000,4.0,4.0,3.0,15.0,6.0,2.0,2.0,0.0,0.0,2.01
540,1,Hunter Dickinson,https://hashtagbasketball.com/120277/player,,NO,5,42.5,0.357,5.0,14.0,1.000,2.0,2.0,0.0,12.0,5.0,2.0,1.0,2.0,3.0,2.00
541,1,Hayden Gray,https://hashtagbasketball.com/120340/player,,,1,24.8,0.667,2.0,3.0,1.000,2.0,2.0,0.0,6.0,0.0,1.0,1.0,1.0,1.0,1.99
542,,Harrison Ingram,https://hashtagbasketball.com/120047/player,SF,SA,7,26.1,0.833,5.0,6.0,0.000,0.0,0.0,1.0,11.0,3.0,1.0,0.0,0.0,1.0,1.99
543,5,James Wiseman,https://hashtagbasketball.com/27636/player,C,IND,4,58.4,0.600,6.0,10.0,0.500,1.0,2.0,0.0,13.0,8.0,3.0,0.0,1.0,5.0,1.98
544,1,Orlando Robinson,https://hashtagbasketball.com/53607/player,C,ORL,4,24.8,0.600,3.0,5.0,0.000,0.0,0.0,1.0,7.0,4.0,3.0,1.0,0.0,0.0,1.97
545,1,CJ Huntley,https://hashtagbasketball.com/120271/player,,PHO,4,40.4,0.545,6.0,11.0,0.000,0.0,0.0,0.0,12.0,5.0,2.0,1.0,0.0,0.0,1.97
546,1,Emanuel Miller,https://hashtagbasketball.com/120144/player,,SA,5,33.0,0.462,6.0,13.0,0.500,1.0,2.0,2.0,15.0,3.0,4.0,2.0,0.0,0.0,1.97
547,1,Chris Livingston,https://hashtagbasketball.com/111254/player,SF,CLE,3,17.4,0.571,4.0,7.0,1.000,1.0,1.0,0.0,9.0,3.0,1.0,1.0,0.0,0.0,1.96
548,1,Jacob Toppin,https://hashtagbasketball.com/120105/player,,ATL,5,16.9,0.667,4.0,6.0,0.000,0.0,0.0,0.0,8.0,2.0,1.0,0.0,1.0,0.0,1.96
549,,Kyle Lowry,https://hashtagbasketball.com/9490/player,PG,PHI,14,118.0,0.160,4.0,25.0,0.833,5.0,6.0,4.0,17.0,9.0,11.0,2.0,2.0,4.0,1.96
550,,Mark Sears,https://hashtagbasketball.com/120272/player,,MIL,7,26.1,0.462,6.0,13.0,0.750,6.0,8.0,4.0,22.0,2.0,2.0,0.0,0.0,4.0,1.95
551,6,Javonte Cooke,https://hashtagbasketball.com/120181/player,,POR,19,93.7,0.220,9.0,41.0,1.000,2.0,2.0,3.0,23.0,19.0,7.0,6.0,0.0,9.0,1.94
552,1,Colin Castleton,https://hashtagbasketball.com/120102/player,"PF,C",ORL,4,21.4,0.400,2.0,5.0,1.000,1.0,1.0,0.0,5.0,8.0,1.0,1.0,0.0,2.0,1.94
553,1,N'Faly Dante,https://hashtagbasketball.com/120076/player,C,ATL,4,15.4,0.250,1.0,4.0,1.000,1.0,1.0,0.0,3.0,7.0,0.0,2.0,0.0,1.0,1.93
554,1,Alex Morales,https://hashtagbasketball.com/120347/player,,ORL,4,23.6,0.429,3.0,7.0,1.000,2.0,2.0,0.0,8.0,3.0,4.0,0.0,0.0,4.0,1.93
555,,Max Shulga,https://hashtagbasketball.com/120264/player,,BOS,11,36.3,0.250,2.0,8.0,1.000,2.0,2.0,1.0,7.0,6.0,2.0,1.0,0.0,3.0,1.92
556,4,Cody Martin,https://hashtagbasketball.com/17334/player,"SG,SF,PF",IND,4,55.2,0.200,2.0,10.0,0.500,3.0,6.0,0.0,7.0,14.0,2.0,4.0,2.0,4.0,1.92
557,1,Isaac Jones,https://hashtagbasketball.com/120082/player,"PF,C",DET,7,35.7,0.429,3.0,7.0,0.750,3.0,4.0,0.0,9.0,5.0,1.0,0.0,1.0,1.0,1.91
558,1,Monté Morris,https://hashtagbasketball.com/13791/player,PG,IND,6,64.6,0.350,7.0,20.0,0.500,2.0,4.0,2.0,18.0,7.0,9.0,1.0,1.0,2.0,1.91
559,5,Tristen Newton,https://hashtagbasketball.com/120077/player,PG,HOU,1,12.0,0.444,4.0,9.0,0.667,2.0,3.0,2.0,12.0,3.0,0.0,1.0,0.0,0.0,1.91
560,2,Hunter Sallis,https://hashtagbasketball.com/120270/player,,PHI,7,25.7,0.600,3.0,5.0,0.500,1.0,2.0,0.0,7.0,1.0,4.0,0.0,1.0,5.0,1.91
561,3,Alex Antetokounmpo,https://hashtagbasketball.com/120344/player,,MIL,6,20.6,0.375,3.0,8.0,0.733,11.0,15.0,2.0,19.0,6.0,1.0,0.0,1.0,1.0,1.91
562,1,Sean Pedulla,https://hashtagbasketball.com/120284/player,,LAC,7,31.0,0.333,5.0,15.0,0.000,0.0,0.0,3.0,13.0,3.0,5.0,0.0,0.0,1.0,1.89
563,,Stanley Umude,https://hashtagbasketball.com/53606/player,SF,SA,2,6.6,0.500,1.0,2.0,0.000,0.0,0.0,0.0,2.0,0.0,1.0,1.0,0.0,0.0,1.88
564,1,Dario Šaric,https://hashtagbasketball.com/10115/player,C,DET,5,41.2,0.167,1.0,6.0,1.000,2.0,2.0,1.0,5.0,6.0,2.0,0.0,0.0,2.0,1.88
565,1,Trentyn Flowers,https://hashtagbasketball.com/120054/player,,CHI,2,5.6,0.667,2.0,3.0,0.000,0.0,0.0,0.0,4.0,1.0,1.0,0.0,0.0,1.0,1.88
566,2,Bobi Klintman,https://hashtagbasketball.com/120040/player,PF,DET,12,71.4,0.333,9.0,27.0,0.000,0.0,3.0,4.0,22.0,19.0,6.0,3.0,0.0,6.0,1.87
567,1,Colby Jones,https://hashtagbasketball.com/111230/player,"SG,SF",DET,1,6.8,0.333,1.0,3.0,0.000,0.0,0.0,0.0,2.0,4.0,2.0,0.0,0.0,0.0,1.86
568,1,Markelle Fultz,https://hashtagbasketball.com/13729/player,"PG,SG",TOR,5,35.8,0.182,2.0,11.0,0.000,0.0,0.0,0.0,4.0,1.0,8.0,2.0,0.0,4.0,1.86
569,2,Buddy Boeheim,https://hashtagbasketball.com/40284/player,SF,OKC,4,15.0,0.333,2.0,6.0,0.000,0.0,0.0,2.0,6.0,0.0,0.0,0.0,0.0,0.0,1.85
511,61,Nigel Hayes-Davis,https://hashtagbasketball.com/120338/player,,MIL,4,15.0,0.000,0.0,3.0,0.500,1.0,2.0,0.0,1.0,4.0,0.0,1.0,1.0,1.0,1.83
570,2,Nigel Hayes-Davis,https://hashtagbasketball.com/120338/player,,MIL,4,15.0,0.000,0.0,3.0,0.500,1.0,2.0,0.0,1.0,4.0,0.0,1.0,1.0,1.0,1.83
571,1,Trevor Keels,https://hashtagbasketball.com/120346/player,,MIA,8,14.9,0.250,3.0,12.0,0.000,0.0,0.0,2.0,8.0,2.0,0.0,1.0,0.0,0.0,1.83
572,1,Tosan Evbuomwan,https://hashtagbasketball.com/120109/player,"SF,PF",CHA,5,7.7,0.000,0.0,1.0,0.000,0.0,0.0,0.0,0.0,2.0,0.0,0.0,0.0,0.0,1.83
573,,Darius Brown II,https://hashtagbasketball.com/120348/player,,CLE,1,2.7,0.000,0.0,1.0,0.000,0.0,0.0,0.0,0.0,1.0,0.0,0.0,0.0,0.0,1.82
574,,Brandon Clarke,https://hashtagbasketball.com/17251/player,"PF,C",MEM,2,20.4,0.333,3.0,9.0,0.500,2.0,4.0,0.0,8.0,6.0,1.0,2.0,0.0,0.0,1.82
575,,Noa Essengue,https://hashtagbasketball.com/120229/player,PF,CHI,2,6.0,0.000,0.0,3.0,0.000,0.0,0.0,0.0,0.0,0.0,0.0,1.0,0.0,0.0,1.81
576,,Drew Peterson,https://hashtagbasketball.com/120106/player,,CHA,6,64.3,0.125,2.0,16.0,0.500,1.0,2.0,0.0,5.0,9.0,2.0,3.0,1.0,0.0,1.80
577,,Chucky Hepburn,https://hashtagbasketball.com/120267/player,,TOR,2,13.2,0.000,0.0,6.0,0.000,0.0,0.0,0.0,0.0,1.0,2.0,1.0,0.0,1.0,1.78
578,,Johni Broome,https://hashtagbasketball.com/120241/player,C,PHI,11,54.7,0.167,4.0,24.0,0.333,2.0,6.0,0.0,10.0,16.0,4.0,3.0,2.0,3.0,1.66
579,,Jahmyl Telfort,https://hashtagbasketball.com/120301/player,,LAC,8,32.0,0.000,0.0,4.0,0.250,1.0,4.0,0.0,1.0,3.0,1.0,1.0,0.0,1.0,1.65
